geoid,lon,lat,county_fips,county_name
1700113,-90.40052,40.80279,095,Knox County
1700178,-90.49693,40.42018,109,McDonough County
1700191,-91.19921,39.86967,001,Adams County
1700230,-89.48632,38.39115,189,Washington County
1700243,-88.00955,41.93104,043,DuPage County
1700295,-89.49192,42.14026,141,Ogle County
1700516,-90.21351,41.78957,195,Whiteside County
1700555,-89.61291,38.54131,027,Clinton County
1700568,-88.063,38.37994,047,Edwards County
1700594,-88.51924,42.45996,111,McHenry County
1700646,-90.74217,41.19639,131,Mercer County
1700659,-90.03653,39.72102,137,Morgan County
1700672,-90.5565,41.06111,187,Warren County
1700685,-88.32055,42.16301,111,McHenry County
1700737,-89.73681,38.88825,119,Madison County
1700815,-87.71054,38.52757,185,Wabash County
1700867,-88.54118,39.55958,139,Moultrie County
1700880,-87.93553,39.91789,183,Vermilion County
1700919,-88.91191,38.72261,121,Marion County
1700971,-90.37985,41.19222,073,Henry County
1700997,-90.43275,39.55737,171,Scott County
1701010,-87.74213,41.67192,031,Cook County
1701049,-88.74911,39.06247,049,Effingham County
1701114,-90.1606,38.89802,119,Madison County
1701140,-90.16518,41.11449,095,Knox County
1701205,-89.32006,37.57733,181,Union County
1701242,-87.60712,40.30761,183,Vermilion County
1701270,-89.40765,41.73394,103,Lee County
1701361,-88.53968,40.56757,113,McLean County
1701426,-90.72169,41.4395,161,Rock Island County
1701491,-90.29072,41.29492,073,Henry County
1701517,-87.88231,41.37176,197,Will County
1701543,-89.23536,37.46316,181,Union County
1701556,-87.81734,39.14284,033,Crawford County
1701569,-89.89982,41.39959,073,Henry County
1701595,-88.07998,42.47156,097,Lake County
1701647,-90.16277,42.42718,085,Jo Daviess County
1701673,-90.09376,42.5019,085,Jo Daviess County
1701803,-87.84717,41.53534,197,Will County
1701881,-88.30316,39.68407,041,Douglas County
1701946,-90.3707,39.88045,017,Cass County
1701972,-88.81936,39.98185,115,Macon County
1702050,-88.93811,42.35758,007,Boone County
1702102,-89.24261,41.47496,011,Bureau County
1702154,-87.98781,42.09191,031,Cook County
1702206,-89.316,40.33924,179,Tazewell County
1702258,-87.78528,41.08292,091,Kankakee County
1702342,-88.6319,40.44936,113,McLean County
1702414,-88.4736,39.71389,139,Moultrie County
1702479,-87.95467,40.8771,075,Iroquois County
1702505,-90.00712,39.88788,017,Cass County
1702531,-89.19101,38.3305,189,Washington County
1702557,-88.02001,39.53045,029,Coles County
1702583,-89.22398,41.87055,103,Lee County
1702609,-89.04877,39.51747,021,Christian County
1702635,-90.35612,40.22834,057,Fulton County
1702674,-89.71844,39.96388,129,Menard County
1702726,-90.00974,41.41276,073,Henry County
1702752,-89.23332,40.26297,107,Logan County
1702882,-88.46366,39.7991,041,Douglas County
1702921,-89.74703,39.57675,167,Sangamon County
1702986,-90.94982,40.23024,067,Hancock County
1703012,-88.3434,41.76613,089,Kane County
1703103,-89.49697,37.88679,077,Jackson County
1703181,-89.6117,38.62436,027,Clinton County
1703207,-90.43614,40.66058,057,Fulton County
1703337,-89.59505,42.19554,141,Ogle County
1703454,-89.84716,38.18268,157,Randolph County
1703571,-89.91476,40.51055,057,Fulton County
1703610,-87.86762,42.19322,097,Lake County
1703675,-90.56461,40.49536,109,McDonough County
1703844,-88.12576,42.14856,031,Cook County
1703883,-88.19299,42.13805,031,Cook County
1703948,-91.04104,39.70262,149,Pike County
1703987,-90.35725,41.51555,161,Rock Island County
1704000,-89.45935,38.54014,027,Clinton County
1704013,-88.19834,41.97816,043,DuPage County
1704039,-89.65422,40.63698,143,Peoria County
1704052,-91.19926,40.32774,067,Hancock County
1704078,-88.31992,41.84189,089,Kane County
1704117,-90.65451,39.03587,013,Calhoun County
1704156,-90.1433,40.18921,125,Mason County
1704247,-90.90948,39.7292,149,Pike County
1704273,-89.52819,40.80981,203,Woodford County
1704303,-87.84073,42.42477,097,Lake County
1704351,-90.40838,39.99345,017,Cass County
1704403,-89.19293,40.1423,107,Logan County
1704507,-87.65483,40.95321,075,Iroquois County
1704533,-89.43556,38.60418,027,Clinton County
1704572,-87.77195,41.76596,031,Cook County
1704585,-87.61417,41.35165,197,Will County
1704598,-88.7878,39.187,049,Effingham County
1704689,-87.63057,40.05799,183,Vermilion County
1704715,-88.94048,37.32229,087,Johnson County
1704793,-88.55439,38.22323,065,Hamilton County
1704806,-88.74052,38.23174,081,Jefferson County
1704845,-89.9948,38.51778,163,St. Clair County
1704871,-89.66844,40.68576,143,Peoria County
1704897,-88.52427,40.34215,113,McLean County
1704936,-87.91069,38.38288,185,Wabash County
1704975,-87.87129,41.88145,031,Cook County
1705092,-88.84591,42.25667,007,Boone County
1705144,-88.57268,39.91976,147,Piatt County
1705209,-89.80217,39.09499,117,Macoupin County
1705248,-87.95025,41.96225,043,DuPage County
1705261,-89.12101,40.84905,203,Woodford County
1705274,-91.1124,40.34489,067,Hancock County
1705300,-88.91559,37.99767,055,Franklin County
1705404,-87.90816,41.88904,031,Cook County
1705443,-89.90285,39.75947,167,Sangamon County
1705573,-87.79117,41.85041,031,Cook County
1705599,-90.04547,38.89673,119,Madison County
1705612,-88.74168,39.64231,139,Moultrie County
1705729,-90.98978,39.7939,001,Adams County
1705859,-88.60103,42.49169,111,McHenry County
1705898,-90.86204,40.85446,071,Henderson County
1705976,-88.50585,41.77919,089,Kane County
1706028,-89.2138,39.11191,051,Fayette County
1706171,-90.11745,41.1999,073,Henry County
1706184,-87.61191,40.25832,183,Vermilion County
1706444,-89.12405,37.81176,199,Williamson County
1706470,-90.86816,40.54941,109,McDonough County
1706565,-91.30344,40.01865,001,Adams County
1706587,-88.0886,41.94933,043,DuPage County
1706613,-88.97665,40.47665,113,McLean County
1706704,-87.67582,41.6531,031,Cook County
1706756,-89.12141,39.69957,115,Macon County
1706899,-90.53522,39.74956,171,Scott County
1706964,-88.73605,38.32113,081,Jefferson County
1707133,-88.10976,41.68067,197,Will County
1707211,-88.37147,40.11136,019,Champaign County
1707224,-87.99884,38.44416,047,Edwards County
1707237,-88.05558,41.14442,091,Kankakee County
1707263,-88.90718,38.20298,081,Jefferson County
1707276,-88.03346,41.5991,197,Will County
1707315,-89.04679,39.76518,115,Macon County
1707419,-88.33453,41.71168,093,Kendall County
1707471,-87.88107,41.18456,091,Kankakee County
1707510,-91.06455,40.23588,067,Hancock County
1707640,-88.22767,41.23342,197,Will County
1707692,-89.65832,41.17514,175,Stark County
1707744,-87.83578,41.17363,091,Kankakee County
1707770,-88.2271,41.27089,197,Will County
1707913,-89.52686,38.61927,027,Clinton County
1708186,-87.75934,38.70902,101,Lawrence County
1708225,-87.80912,41.74291,031,Cook County
1708264,-90.14369,39.03938,117,Macoupin County
1708303,-89.88659,40.83922,143,Peoria County
1708420,-87.99749,39.90935,019,Champaign County
1708446,-87.85521,41.85751,031,Cook County
1708472,-89.4445,40.06844,107,Logan County
1708524,-87.93365,39.71539,045,Edgar County
1708576,-87.8466,41.8276,031,Cook County
1708667,-90.16822,38.65545,163,St. Clair County
1708706,-88.62882,37.1283,127,Massac County
1708875,-88.46244,37.9347,065,Hamilton County
1708953,-90.37246,40.1268,169,Schuyler County
1708979,-87.98506,38.37888,047,Edwards County
1708992,-88.95382,38.99635,051,Fayette County
1709148,-90.59415,38.94958,013,Calhoun County
1709161,-90.09318,40.46538,057,Fulton County
1709304,-88.17559,41.04698,091,Kankakee County
1709317,-88.03965,40.59719,075,Iroquois County
1709330,-89.01642,37.98121,055,Franklin County
1709356,-89.67891,41.32901,011,Bureau County
1709434,-89.40914,39.84941,167,Sangamon County
1709447,-87.96297,42.1671,097,Lake County
1709499,-90.8455,41.34094,161,Rock Island County
1709531,-88.3543,42.32565,111,McHenry County
1709538,-89.42697,39.59144,021,Christian County
1709551,-88.97491,37.4732,087,Johnson County
1709577,-89.95186,39.04465,117,Macoupin County
1709642,-87.77039,41.74291,031,Cook County
1709681,-89.36521,41.28968,011,Bureau County
1709759,-88.55765,42.02552,089,Kane County
1709798,-87.54455,41.63806,031,Cook County
1709889,-88.25839,38.25096,193,White County
1709980,-87.91595,41.74689,043,DuPage County
1710006,-91.24934,39.90761,001,Adams County
1710045,-88.23047,42.27884,111,McHenry County
1710084,-89.1283,37.84444,199,Williamson County
1710110,-90.50065,40.55198,109,McDonough County
1710149,-89.5321,39.1972,135,Montgomery County
1710240,-89.26131,42.11977,141,Ogle County
1710292,-88.20456,40.99375,053,Ford County
1710305,-90.50534,41.28207,131,Mercer County
1710373,-90.18657,38.56543,163,St. Clair County
1710383,-89.1907,37.01893,003,Alexander County
1710422,-88.8955,42.36836,007,Boone County
1710448,-88.04404,38.65108,159,Richland County
1710487,-87.54572,41.61373,031,Cook County
1710513,-87.65719,41.66502,031,Cook County
1710591,-88.16708,39.79904,041,Douglas County
1710630,-89.11734,37.77499,199,Williamson County
1710643,-90.19128,41.30113,073,Henry County
1710695,-90.77295,40.15234,169,Schuyler County
1710747,-90.51733,40.88559,187,Warren County
1710773,-89.55312,37.93149,077,Jackson County
1710786,-90.42932,41.54207,161,Rock Island County
1710877,-91.06905,40.03789,001,Adams County
1710906,-88.40598,41.95256,089,Kane County
1710916,-88.30719,41.02621,105,Livingston County
1710936,-88.86845,42.35334,007,Boone County
1711007,-90.02772,40.56523,057,Fulton County
1711033,-89.67876,39.93513,167,Sangamon County
1711124,-88.73873,42.4004,007,Boone County
1711150,-90.39126,41.49402,161,Rock Island County
1711163,-89.21436,37.72429,077,Jackson County
1711176,-88.30004,41.29706,063,Grundy County
1711202,-89.87056,39.2797,117,Macoupin County
1711215,-89.12723,40.57896,113,McLean County
1711228,-89.37326,38.62461,027,Clinton County
1711267,-91.0615,40.7381,071,Henderson County
1711293,-88.17037,38.08689,193,White County
1711332,-88.12948,41.91376,043,DuPage County
1711358,-88.33363,42.12614,089,Kane County
1711397,-88.63036,37.69191,165,Saline County
1711462,-90.40644,39.29189,061,Greene County
1711514,-89.09221,37.75838,199,Williamson County
1711527,-91.12708,40.41162,067,Hancock County
1711592,-88.24958,42.21306,111,McHenry County
1711618,-87.98125,39.31048,023,Clark County
1711644,-90.03877,38.62638,163,St. Clair County
1711774,-87.70745,40.06817,183,Vermilion County
1711826,-88.16592,37.47025,069,Hardin County
1711982,-89.12604,41.26512,099,LaSalle County
1712008,-89.63525,42.37519,177,Stephenson County
1712151,-89.12762,38.54891,121,Marion County
1712164,-89.13224,38.51216,121,Marion County
1712268,-88.7359,39.89082,147,Piatt County
1712294,-89.89087,42.01881,015,Carroll County
1712385,-88.26704,40.11639,019,Champaign County
1712450,-90.15012,40.04238,017,Cass County
1712476,-88.22252,41.42911,197,Will County
1712489,-88.14904,42.48538,097,Lake County
1712528,-90.40256,39.76734,137,Morgan County
1712567,-88.21571,39.48429,029,Coles County
1712684,-89.69157,39.6684,167,Sangamon County
1712710,-88.28722,40.73607,105,Livingston County
1712801,-87.91198,41.00623,091,Kankakee County
1712879,-88.66195,42.41804,111,McHenry County
1712931,-88.72993,40.7362,113,McLean County
1712970,-89.21536,41.43088,011,Bureau County
1713074,-88.96447,42.21474,201,Winnebago County
1713139,-89.83005,37.91566,157,Randolph County
1713165,-90.06676,39.25662,117,Macoupin County
1713230,-89.18712,40.05373,107,Logan County
1714000,-87.67203,41.83603,031,Cook County
1714026,-87.63569,41.51255,031,Cook County
1714065,-87.78264,41.70687,031,Cook County
1714117,-89.50091,40.90761,143,Peoria County
1714273,-87.67672,39.80578,045,Edgar County
1714286,-89.05092,37.97021,055,Franklin County
1714351,-87.75896,41.84736,031,Cook County
1714442,-88.7233,40.0132,147,Piatt County
1714455,-88.43775,38.51373,191,Wayne County
1714468,-87.89149,40.56668,075,Iroquois County
1714533,-87.97326,38.71578,159,Richland County
1714572,-87.95634,41.79942,043,DuPage County
1714715,-88.34801,38.68789,025,Clay County
1714767,-90.95826,40.02938,001,Adams County
1714923,-90.3169,41.50366,073,Henry County
1714936,-87.93309,40.93249,075,Iroquois County
1715001,-88.96265,40.14852,039,De Witt County
1715170,-88.2847,41.27545,063,Grundy County
1715209,-89.30362,39.28504,135,Montgomery County
1715235,-90.45157,41.43812,161,Rock Island County
1715261,-91.16035,40.03318,001,Adams County
1715300,-89.25482,37.53393,181,Union County
1715352,-89.39048,39.09145,135,Montgomery County
1715378,-90.79186,40.42368,109,McDonough County
1715469,-89.79976,41.90208,195,Whiteside County
1715495,-88.61768,40.56607,113,McLean County
1715599,-90.00284,38.68433,119,Madison County
1715664,-90.3276,41.46458,073,Henry County
1715807,-89.08117,37.80622,199,Williamson County
1715833,-90.21213,38.45247,133,Monroe County
1715846,-91.14595,39.98797,001,Adams County
1715950,-89.76751,41.76474,195,Whiteside County
1715989,-89.086,41.69436,103,Lee County
1716054,-90.37098,39.81561,137,Morgan County
1716119,-89.20403,40.613,203,Woodford County
1716210,-88.71447,40.54293,113,McLean County
1716301,-88.56694,42.21798,111,McHenry County
1716366,-90.32798,41.67207,161,Rock Island County
1716405,-88.7293,40.99322,105,Livingston County
1716431,-89.40329,39.93589,107,Logan County
1716470,-88.68946,41.93174,037,DeKalb County
1716613,-89.6044,38.18433,157,Randolph County
1716691,-87.72631,41.56176,031,Cook County
1716873,-87.87281,41.77524,031,Cook County
1717055,-88.85928,39.24917,173,Shelby County
1717077,-90.56262,41.39972,161,Rock Island County
1717094,-88.80628,37.72418,199,Williamson County
1717185,-89.06343,37.75422,199,Williamson County
1717289,-88.83708,37.62022,199,Williamson County
1717406,-87.85652,40.77208,075,Iroquois County
1717458,-88.11348,41.56845,197,Will County
1717471,-88.98569,41.94055,141,Ogle County
1717497,-87.74022,41.64408,031,Cook County
1717523,-87.6387,41.44055,197,Will County
1717549,-89.59536,40.6442,179,Tazewell County
1717783,-88.0656,38.16522,193,White County
1717887,-88.3153,42.23261,111,McHenry County
1717939,-88.17505,41.56764,197,Will County
1717991,-90.19432,40.49227,057,Fulton County
1718030,-88.27147,40.87856,105,Livingston County
1718147,-89.77958,39.74524,167,Sangamon County
1718212,-88.12947,41.24657,197,Will County
1718225,-89.56772,38.03135,145,Perry County
1718251,-89.01869,37.3655,087,Johnson County
1718303,-88.68475,38.19803,065,Hamilton County
1718342,-89.52327,42.38736,177,Stephenson County
1718420,-91.166,40.63522,067,Hancock County
1718446,-88.80834,39.72076,139,Moultrie County
1718459,-89.169,41.35482,011,Bureau County
1718472,-89.61085,38.50808,027,Clinton County
1718485,-88.94808,40.95851,099,LaSalle County
1718498,-87.97713,40.82366,075,Iroquois County
1718537,-89.17578,40.52721,113,McLean County
1718563,-87.62468,40.15398,183,Vermilion County
1718628,-87.97578,41.73989,043,DuPage County
1718641,-89.7288,38.31902,163,St. Clair County
1718706,-89.41191,42.41908,177,Stephenson County
1718719,-89.09113,42.11814,141,Ogle County
1718745,-89.4587,39.85688,167,Sangamon County
1718771,-88.79637,41.38839,099,LaSalle County
1718823,-88.94445,39.85813,115,Macon County
1718940,-89.33168,40.62797,179,Tazewell County
1718992,-87.85313,42.17354,097,Lake County
1719031,-89.68701,41.61062,195,Whiteside County
1719083,-88.08712,42.16755,097,Lake County
1719161,-88.74772,41.92788,037,DeKalb County
1719200,-88.6476,40.1247,147,Piatt County
1719226,-89.54846,40.37011,179,Tazewell County
1719499,-89.29983,41.32915,011,Bureau County
1719616,-89.22574,37.81813,077,Jackson County
1719642,-87.90471,42.03473,031,Cook County
1719681,-90.67596,39.62016,149,Pike County
1719746,-88.28137,40.3201,019,Champaign County
1719798,-88.78655,40.18207,039,De Witt County
1719837,-88.25109,41.28719,063,Grundy County
1719915,-88.37978,39.05949,049,Effingham County
1720045,-89.65222,39.56589,167,Sangamon County
1720123,-88.94199,38.43995,081,Jefferson County
1720149,-87.66722,41.63529,031,Cook County
1720162,-89.48465,41.8501,103,Lee County
1720292,-87.60338,41.62624,031,Cook County
1720305,-89.16546,37.36284,181,Union County
1720318,-89.47127,39.02998,135,Montgomery County
1720331,-87.61389,40.88661,075,Iroquois County
1720370,-89.88911,39.08544,117,Macoupin County
1720526,-89.39518,41.4308,011,Bureau County
1720565,-89.23946,37.94016,077,Jackson County
1720591,-88.02072,41.79264,043,DuPage County
1720643,-88.88512,40.39909,113,McLean County
1720890,-89.21228,38.21958,189,Washington County
1721020,-88.0875,38.83378,159,Richland County
1721098,-90.03263,40.49129,057,Fulton County
1721176,-89.67326,40.85122,143,Peoria County
1721254,-90.22138,38.51259,163,St. Clair County
1721267,-89.23835,38.00568,145,Perry County
1721280,-89.32982,42.43032,201,Winnebago County
1721358,-88.42164,41.09824,105,Livingston County
1721410,-89.78289,39.11183,117,Macoupin County
1721475,-87.55559,41.37636,197,Will County
1721540,-88.92448,41.59173,099,LaSalle County
1721553,-90.10224,38.88412,119,Madison County
1721579,-88.26618,41.1734,063,Grundy County
1721605,-89.48696,37.29215,003,Alexander County
1721618,-90.24188,38.53704,163,St. Clair County
1721683,-90.63625,42.49537,085,Jo Daviess County
1721696,-88.24749,42.09282,089,Kane County
1721826,-90.31212,40.94566,095,Knox County
1721852,-89.81194,39.13402,117,Macoupin County
1721904,-87.65178,41.57451,031,Cook County
1722021,-87.80141,40.46569,183,Vermilion County
1722073,-90.44325,41.51536,161,Rock Island County
1722151,-89.83936,40.23352,125,Mason County
1722164,-89.55386,40.67381,179,Tazewell County
1722255,-90.14375,38.61449,163,St. Clair County
1722398,-88.58398,37.5007,151,Pope County
1722567,-88.66398,38.92219,049,Effingham County
1722619,-90.7637,41.38343,161,Rock Island County
1722645,-89.39178,39.66042,021,Christian County
1722697,-89.95317,38.79426,119,Madison County
1722736,-88.56506,39.1102,049,Effingham County
1722931,-88.46479,41.8875,089,Kane County
1722957,-90.9918,39.61913,149,Pike County
1723009,-88.44207,37.80895,165,Saline County
1723022,-90.55387,39.28667,061,Greene County
1723074,-88.28838,42.04319,089,Kane County
1723139,-90.97518,41.29389,131,Mercer County
1723165,-90.22431,42.31663,085,Jo Daviess County
1723191,-88.30851,37.44488,069,Hardin County
1723256,-87.99822,42.00956,031,Cook County
1723269,-89.4781,40.01463,107,Logan County
1723373,-89.23673,37.90998,077,Jackson County
1723425,-88.27875,40.46646,053,Ford County
1723503,-89.91015,38.01112,157,Randolph County
1723529,-90.30365,40.62909,057,Fulton County
1723555,-88.71432,40.44818,113,McLean County
1723620,-87.94134,41.89184,043,DuPage County
1723698,-89.96598,40.778,143,Peoria County
1723724,-87.816,41.92171,031,Cook County
1723737,-89.01448,40.74132,203,Woodford County
1723776,-90.35486,38.95287,083,Jersey County
1723841,-91.24995,40.39694,067,Hancock County
1723919,-88.97719,39.77444,115,Macon County
1723945,-88.11146,41.41224,197,Will County
1723971,-89.48478,40.29777,107,Logan County
1724062,-88.35811,40.97047,105,Livingston County
1724166,-89.02256,37.76729,199,Williamson County
1724179,-88.33793,38.1043,193,White County
1724348,-88.34177,37.73996,059,Gallatin County
1724374,-90.08196,41.65864,195,Whiteside County
1724452,-88.19539,41.18214,091,Kankakee County
1724543,-89.27591,40.71258,203,Woodford County
1724582,-87.69032,42.04084,031,Cook County
1724608,-89.93081,38.09003,157,Randolph County
1724634,-87.70173,41.72073,031,Cook County
1724673,-88.85283,38.08888,055,Franklin County
1724699,-90.49869,39.71671,171,Scott County
1724764,-88.52401,40.74556,105,Livingston County
1724816,-88.37476,38.38047,191,Wayne County
1724920,-88.05972,41.56612,197,Will County
1724933,-90.10074,38.65433,163,St. Clair County
1724985,-87.83131,40.04427,183,Vermilion County
1725063,-90.18701,40.64897,057,Fulton County
1725141,-90.00685,38.59204,163,St. Clair County
1725245,-91.30334,39.78239,001,Adams County
1725375,-88.79186,38.81548,121,Marion County
1725414,-88.64518,40.2424,039,De Witt County
1725440,-89.65447,39.43964,135,Montgomery County
1725531,-90.00677,40.69855,057,Fulton County
1725713,-89.79667,38.37758,163,St. Clair County
1725895,-91.16861,40.4686,067,Hancock County
1725960,-90.16292,39.15331,083,Jersey County
1726012,-90.50043,39.10764,083,Jersey County
1726077,-89.27891,39.11587,135,Montgomery County
1726116,-88.75383,39.52331,173,Shelby County
1726194,-88.35121,40.312,019,Champaign County
1726233,-87.87531,40.1159,183,Vermilion County
1726311,-88.85988,40.87647,105,Livingston County
1726350,-87.67384,38.90597,033,Crawford County
1726454,-88.47443,38.6698,025,Clay County
1726467,-90.05669,38.37644,163,St. Clair County
1726480,-90.6075,39.6238,149,Pike County
1726571,-87.68828,41.54047,031,Cook County
1726662,-88.42911,40.36122,019,Champaign County
1726710,-87.57643,41.51043,031,Cook County
1726753,-89.82953,40.37239,125,Mason County
1726896,-88.05374,42.2066,097,Lake County
1726935,-87.81894,41.86838,031,Cook County
1726987,-87.79143,41.80488,031,Cook County
1727026,-88.40922,40.74724,105,Livingston County
1727065,-89.57699,42.12555,141,Ogle County
1727091,-88.96636,39.92169,115,Macon County
1727377,-91.25766,40.00899,001,Adams County
1727442,-88.1867,42.43112,097,Lake County
1727455,-88.12384,42.41181,097,Lake County
1727533,-88.213,42.19589,111,McHenry County
1727624,-87.83669,41.49192,197,Will County
1727644,-87.8054,41.52022,197,Will County
1727663,-90.04545,39.61902,137,Morgan County
1727689,-89.30033,41.84117,103,Lee County
1727702,-87.87733,41.9365,031,Cook County
1727728,-88.51578,42.2753,111,McHenry County
1727806,-89.94084,38.43825,163,St. Clair County
1727858,-88.99755,37.86011,199,Williamson County
1727884,-89.63079,42.28257,177,Stephenson County
1728144,-90.16133,41.86128,195,Whiteside County
1728170,-90.21341,38.16466,133,Monroe County
1728248,-87.98311,42.35435,097,Lake County
1728261,-88.61478,37.84143,165,Saline County
1728300,-90.4242,42.42315,085,Jo Daviess County
1728326,-90.38194,40.94513,095,Knox County
1728404,-89.74521,41.79121,195,Whiteside County
1728430,-90.03738,41.16661,073,Henry County
1728612,-88.71798,42.2519,007,Boone County
1728638,-88.3172,41.19801,063,Grundy County
1728742,-88.42583,39.798,041,Douglas County
1728807,-88.49635,39.45829,139,Moultrie County
1728846,-90.15901,41.45639,073,Henry County
1728872,-88.32845,41.87548,089,Kane County
1728898,-88.69939,42.09598,037,DeKalb County
1728963,-87.63524,39.97852,183,Vermilion County
1729041,-89.54031,38.5526,027,Clinton County
1729080,-89.46847,40.77532,203,Woodford County
1729093,-89.48506,42.21336,177,Stephenson County
1729125,-88.38478,40.46799,053,Ford County
1729145,-88.02118,40.3075,019,Champaign County
1729171,-88.37138,42.114,089,Kane County
1729236,-89.81788,39.12653,117,Macoupin County
1729275,-87.99548,40.76204,075,Iroquois County
1729340,-90.19801,40.86248,095,Knox County
1729392,-89.78245,39.44849,117,Macoupin County
1729431,-90.95707,40.86558,071,Henderson County
1729483,-89.81427,40.57,143,Peoria County
1729496,-90.47996,39.54868,171,Scott County
1729639,-89.97311,38.76348,119,Madison County
1729652,-87.76346,42.13517,031,Cook County
1729730,-88.07661,41.91849,043,DuPage County
1729756,-88.05489,41.86196,043,DuPage County
1729938,-87.82149,42.08161,031,Cook County
1730029,-87.60126,41.54068,031,Cook County
1730094,-90.21361,38.94825,119,Madison County
1730120,-88.24532,41.24034,197,Will County
1730133,-88.48755,37.35897,151,Pope County
1730159,-91.01862,40.11018,001,Adams County
1730250,-88.2049,38.35881,191,Wayne County
1730328,-87.78667,42.0571,031,Cook County
1730419,-87.63959,41.39242,197,Will County
1730445,-89.2615,40.62595,203,Woodford County
1730458,-90.67319,40.5558,109,McDonough County
1730510,-89.93563,40.3963,125,Mason County
1730575,-88.91893,37.56584,087,Johnson County
1730588,-89.48653,37.71008,077,Jackson County
1730653,-90.42745,38.97465,083,Jersey County
1730705,-89.4125,41.89942,103,Lee County
1730757,-88.83103,41.23616,099,LaSalle County
1730770,-89.50692,37.63851,077,Jackson County
1730835,-89.61986,39.8162,167,Sangamon County
1730900,-87.99128,42.39496,097,Lake County
1730926,-90.13074,38.74454,119,Madison County
1730978,-89.66567,38.82507,119,Madison County
1730991,-87.6366,41.23987,091,Kankakee County
1731017,-89.22888,41.2621,155,Putnam County
1731121,-88.02978,42.34247,097,Lake County
1731165,-88.00001,38.25888,193,White County
1731368,-90.20848,39.34218,061,Greene County
1731446,-87.91238,42.29633,097,Lake County
1731524,-88.15934,39.24801,035,Cumberland County
1731563,-89.64578,40.40886,179,Tazewell County
1731576,-89.74148,40.08709,129,Menard County
1731589,-89.39117,38.88699,005,Bond County
1731667,-88.38667,42.39489,111,McHenry County
1731732,-88.88279,40.74463,113,McLean County
1731771,-90.72802,39.70673,149,Pike County
1731991,-91.08542,40.80128,071,Henderson County
1732018,-87.94153,42.3652,097,Lake County
1732200,-88.07017,42.34144,097,Lake County
1732395,-90.71541,39.23463,013,Calhoun County
1732408,-89.84431,38.88732,119,Madison County
1732434,-91.35855,40.38881,067,Hancock County
1732473,-90.73034,41.31041,131,Mercer County
1732499,-88.59213,39.79936,147,Piatt County
1732525,-88.53317,42.11548,089,Kane County
1732564,-90.40517,41.55593,161,Rock Island County
1732616,-88.83569,37.95798,055,Franklin County
1732668,-89.81032,40.69352,143,Peoria County
1732707,-90.27767,42.25628,085,Jo Daviess County
1732746,-88.13929,41.97625,043,DuPage County
1732850,-90.62698,39.15899,013,Calhoun County
1732876,-88.84794,41.51705,099,LaSalle County
1732967,-89.55248,41.72332,103,Lee County
1733019,-88.52774,42.15881,111,McHenry County
1733136,-88.54334,37.73676,165,Saline County
1733162,-89.33477,37.79357,077,Jackson County
1733227,-89.04475,39.84613,115,Macon County
1733279,-90.08378,38.81427,119,Madison County
1733292,-88.50882,42.3629,111,McHenry County
1733318,-89.43978,40.24965,107,Logan County
1733331,-88.621,42.42823,111,McHenry County
1733357,-89.53566,39.35598,135,Montgomery County
1733383,-87.65454,41.60585,031,Cook County
1733435,-87.80294,41.96581,031,Cook County
1733513,-90.05137,40.29462,125,Mason County
1733630,-88.06727,42.23718,097,Lake County
1733695,-87.69359,41.56811,031,Cook County
1733851,-88.44137,42.46389,111,McHenry County
1733877,-89.99434,38.30477,133,Monroe County
1734007,-90.35343,41.02389,095,Knox County
1734098,-89.34205,41.26541,155,Putnam County
1734137,-87.70098,40.30691,183,Vermilion County
1734163,-89.35783,41.11459,123,Marshall County
1734272,-89.33106,40.54644,179,Tazewell County
1734332,-88.98477,39.21964,173,Shelby County
1734358,-89.02135,37.7927,199,Williamson County
1734384,-88.10091,41.0489,091,Kankakee County
1734423,-90.03729,39.35559,117,Macoupin County
1734449,-88.96975,40.32143,113,McLean County
1734514,-87.83029,41.72755,031,Cook County
1734553,-88.1491,39.15586,079,Jasper County
1734670,-89.6821,38.76976,119,Madison County
1734722,-87.81549,42.18523,097,Lake County
1734865,-87.81284,42.20337,097,Lake County
1734982,-89.08087,41.96681,141,Ogle County
1735047,-89.4783,39.18349,135,Montgomery County
1735073,-90.17072,41.6081,195,Whiteside County
1735086,-87.89969,41.8668,031,Cook County
1735203,-90.5395,39.44596,061,Greene County
1735268,-88.64074,41.77339,037,DeKalb County
1735281,-88.13444,39.68495,041,Douglas County
1735307,-87.92758,41.79284,043,DuPage County
1735385,-87.8568,41.76995,031,Cook County
1735398,-89.26533,38.54033,027,Clinton County
1735411,-88.11196,42.07267,031,Cook County
1735463,-89.09709,42.06525,141,Ogle County
1735515,-88.22816,42.3009,111,McHenry County
1735541,-89.93672,38.92756,119,Madison County
1735671,-89.29748,41.36585,011,Bureau County
1735814,-87.95723,40.03102,019,Champaign County
1735835,-87.94441,41.59938,197,Will County
1735866,-87.73073,41.73116,031,Cook County
1735879,-87.66604,41.55882,031,Cook County
1736061,-87.66327,40.45628,183,Vermilion County
1736074,-89.91396,41.52184,073,Henry County
1736126,-89.41419,40.42083,179,Tazewell County
1736150,-89.46025,40.97871,123,Marshall County
1736190,-87.61069,41.07148,091,Kankakee County
1736347,-89.27212,38.44571,189,Washington County
1736438,-88.98987,40.60922,113,McLean County
1736477,-89.28873,38.60599,027,Clinton County
1736516,-91.20452,39.70754,149,Pike County
1736542,-88.31968,39.60458,029,Coles County
1736568,-87.86938,39.79619,045,Edgar County
1736750,-88.43022,42.16318,111,McHenry County
1736815,-89.14469,37.83782,199,Williamson County
1736841,-87.66296,39.11133,033,Crawford County
1737062,-90.89989,41.39899,161,Rock Island County
1737127,-89.25991,39.84627,167,Sangamon County
1737179,-88.90374,38.14803,081,Jefferson County
1737218,-87.98188,42.23055,097,Lake County
1737257,-87.89822,41.76936,031,Cook County
1737348,-87.74023,39.92704,183,Vermilion County
1737439,-90.60819,40.3269,109,McDonough County
1737465,-88.03642,41.51834,197,Will County
1737608,-88.09233,42.11055,031,Cook County
1737621,-88.62835,38.83257,025,Clay County
1737647,-90.32384,40.35369,057,Fulton County
1737712,-87.58393,40.8318,075,Iroquois County
1737738,-89.4049,39.20925,135,Montgomery County
1737777,-89.16124,38.43615,189,Washington County
1737803,-87.98424,41.05378,091,Kankakee County
1737894,-88.20002,42.28111,111,McHenry County
1737907,-88.01768,41.97915,043,DuPage County
1737933,-88.79078,38.61506,121,Marion County
1737998,-88.45729,39.94835,019,Champaign County
1738115,-90.23342,39.72659,137,Morgan County
1738232,-88.24481,39.37605,035,Cumberland County
1738323,-88.40397,38.44251,191,Wayne County
1738349,-89.4073,39.5806,021,Christian County
1738375,-89.67836,39.76856,167,Sangamon County
1738414,-90.32709,39.12296,083,Jersey County
1738427,-88.24313,39.20764,035,Cumberland County
1738479,-88.24349,42.38674,111,McHenry County
1738531,-88.53859,38.52122,191,Wayne County
1738544,-88.93249,37.82282,199,Williamson County
1738570,-88.11192,41.53227,197,Will County
1738635,-89.27043,37.45812,181,Union County
1738674,-88.84481,37.2079,127,Massac County
1738726,-90.21768,41.56492,161,Rock Island County
1738739,-90.87849,41.19693,131,Mercer County
1738778,-88.23969,37.72286,059,Gallatin County
1738791,-89.12636,38.57776,121,Marion County
1738830,-87.8342,41.75065,031,Cook County
1738856,-90.61539,39.30155,013,Calhoun County
1738869,-90.35059,39.19249,061,Greene County
1738895,-88.52199,41.83248,089,Kane County
1738921,-88.87134,41.14583,099,LaSalle County
1738934,-87.85292,41.0974,091,Kankakee County
1738986,-87.93955,39.55448,045,Edgar County
1739038,-89.00577,40.6756,203,Woodford County
1739077,-88.9752,37.29187,153,Pulaski County
1739129,-89.91626,37.9213,157,Randolph County
1739233,-88.64191,38.33859,191,Wayne County
1739259,-87.86832,38.35273,185,Wabash County
1739298,-90.9365,41.10532,131,Mercer County
1739324,-88.90335,38.48775,121,Marion County
1739441,-88.23628,40.93499,053,Ford County
1739519,-87.71478,42.08866,031,Cook County
1739532,-89.08785,40.09759,039,De Witt County
1739727,-89.92187,41.24192,073,Henry County
1739753,-89.27836,38.73833,027,Clinton County
1739857,-90.01204,40.15506,125,Mason County
1739883,-88.04582,42.18644,097,Lake County
1739909,-89.41645,39.58635,021,Christian County
1739922,-91.15254,39.70391,149,Pike County
1739987,-89.1076,42.00263,141,Ogle County
1740052,-91.02838,39.81912,001,Adams County
1740065,-88.7511,42.10186,037,DeKalb County
1740091,-89.77263,40.5574,143,Peoria County
1740117,-88.84965,38.76877,121,Marion County
1740143,-88.57003,41.18994,063,Grundy County
1740156,-88.84617,42.0905,037,DeKalb County
1740182,-90.74923,40.86641,187,Warren County
1740364,-87.87771,42.28417,097,Lake County
1740416,-90.28435,40.90324,095,Knox County
1740520,-88.71309,38.87964,051,Fayette County
1740559,-89.4057,41.02209,123,Marshall County
1740598,-89.21432,41.38258,011,Bureau County
1740676,-89.97349,41.11002,175,Stark County
1740767,-87.874,41.80184,031,Cook County
1740793,-87.87591,41.82694,031,Cook County
1740832,-90.97015,40.58469,067,Hancock County
1740884,-88.15454,42.21858,097,Lake County
1740910,-87.85028,42.28411,097,Lake County
1740962,-89.74841,40.63124,143,Peoria County
1740980,-89.86508,42.16356,015,Carroll County
1740988,-88.12944,42.484,097,Lake County
1741040,-88.71903,39.75219,139,Moultrie County
1741105,-87.85851,42.24052,097,Lake County
1741157,-88.66919,41.61361,099,LaSalle County
1741183,-88.34434,42.19009,111,McHenry County
1741214,-89.74717,39.09718,117,Macoupin County
1741326,-88.20407,42.33962,111,McHenry County
1741346,-88.37227,40.2028,019,Champaign County
1741404,-89.86485,39.98573,129,Menard County
1741456,-89.40018,42.4547,201,Winnebago County
1741586,-88.07609,42.41576,097,Lake County
1741651,-88.3593,42.22962,111,McHenry County
1741677,-88.89863,39.32191,173,Shelby County
1741716,-88.14408,41.27989,197,Will County
1741742,-88.08933,42.19573,097,Lake County
1741794,-89.27914,41.52939,011,Bureau County
1741859,-89.8316,42.10338,015,Carroll County
1741950,-88.85464,40.12411,039,De Witt County
1742002,-89.36248,39.56376,021,Christian County
1742028,-87.53761,41.55013,031,Cook County
1742067,-88.71336,39.79583,147,Piatt County
1742080,-91.00314,40.14661,001,Adams County
1742171,-89.23646,40.97833,123,Marshall County
1742184,-89.04826,41.34945,099,LaSalle County
1742249,-89.16001,39.96488,107,Logan County
1742392,-88.63545,42.4475,111,McHenry County
1742405,-87.68444,38.7253,101,Lawrence County
1742457,-89.40396,42.12326,141,Ogle County
1742496,-89.81396,38.60164,163,St. Clair County
1742587,-88.94102,41.79362,103,Lee County
1742600,-89.27666,41.75368,103,Lee County
1742756,-88.7982,41.61494,099,LaSalle County
1742769,-89.68378,39.77623,167,Sangamon County
1742795,-88.00115,41.67229,031,Cook County
1742834,-89.82417,42.38055,177,Stephenson County
1742860,-89.816,38.28883,163,St. Clair County
1742912,-88.98456,41.19074,099,LaSalle County
1742938,-88.28609,39.41698,029,Coles County
1742971,-88.76037,40.33871,113,McLean County
1743055,-90.15677,40.39805,057,Fulton County
1743094,-88.78677,40.64454,113,McLean County
1743133,-91.10664,39.884,001,Adams County
1743250,-87.95456,42.28331,097,Lake County
1743406,-88.47505,41.95409,089,Kane County
1743445,-91.37917,40.17946,001,Adams County
1743510,-87.96905,41.12922,091,Kankakee County
1743536,-89.38234,40.15305,107,Logan County
1743666,-87.919,42.19855,097,Lake County
1743744,-87.7298,42.00825,031,Cook County
1743770,-88.02828,42.41329,097,Lake County
1743900,-88.46763,41.48067,093,Kendall County
1743939,-88.07855,41.79033,043,DuPage County
1743965,-89.60921,39.21298,135,Montgomery County
1743978,-90.19888,39.84794,137,Morgan County
1744056,-90.62233,40.23403,169,Schuyler County
1744082,-90.75121,41.01199,187,Warren County
1744121,-90.00108,40.39082,125,Mason County
1744160,-89.76411,38.96867,119,Madison County
1744173,-89.84786,39.67686,167,Sangamon County
1744225,-88.03828,41.5915,197,Will County
1744244,-88.02175,41.6214,197,Will County
1744264,-88.07594,40.51518,075,Iroquois County
1744381,-91.07762,40.67797,071,Henderson County
1744407,-88.01224,41.87203,043,DuPage County
1744446,-90.26861,40.70908,057,Fulton County
1744498,-88.83623,39.80873,115,Macon County
1744524,-88.00359,42.1954,097,Lake County
1744550,-88.12695,42.37574,097,Lake County
1744576,-88.8928,41.00574,105,Livingston County
1744602,-88.06776,39.8835,019,Champaign County
1744719,-91.22295,40.15036,001,Adams County
1744784,-88.22356,41.34445,197,Will County
1744823,-89.07008,41.11698,099,LaSalle County
1744836,-89.3677,41.91098,141,Ogle County
1744927,-88.5053,38.77099,025,Clay County
1745031,-88.99433,42.33114,201,Winnebago County
1745044,-88.63438,39.71646,139,Moultrie County
1745109,-89.3146,40.87431,203,Woodford County
1745174,-88.12657,40.38563,019,Champaign County
1745278,-89.9289,41.71634,195,Whiteside County
1745343,-90.3583,41.29529,073,Henry County
1745369,-90.34599,39.6861,137,Morgan County
1745421,-87.54925,41.51995,031,Cook County
1745434,-87.82135,41.81542,031,Cook County
1745525,-89.43928,37.31172,003,Alexander County
1745564,-87.84348,41.7927,031,Cook County
1745616,-88.29882,42.37037,111,McHenry County
1745642,-88.70523,38.05258,065,Hamilton County
1745694,-88.29965,42.33689,111,McHenry County
1745726,-89.04044,42.36386,201,Winnebago County
1745785,-89.34527,40.53547,179,Tazewell County
1745811,-89.1696,40.31515,113,McLean County
1745824,-88.54352,38.09364,065,Hamilton County
1745850,-89.20775,41.17589,155,Putnam County
1745889,-90.67617,40.47499,109,McDonough County
1745941,-88.99854,39.71121,115,Macon County
1745993,-90.19103,38.71516,119,Madison County
1746058,-90.23283,38.22807,133,Monroe County
1746110,-89.19578,41.11397,155,Putnam County
1746136,-88.39091,40.19196,019,Champaign County
1746214,-89.24301,37.61875,077,Jackson County
1746240,-89.37003,41.4248,011,Bureau County
1746279,-88.87278,41.92758,037,DeKalb County
1746331,-90.3303,39.54234,171,Scott County
1746357,-87.95483,41.39316,197,Will County
1746383,-89.78274,40.4203,125,Mason County
1746422,-89.66888,41.45479,011,Bureau County
1746487,-88.50719,40.21224,147,Piatt County
1746500,-87.84917,41.23644,091,Kankakee County
1746604,-88.60491,41.90817,037,DeKalb County
1746643,-89.7231,40.57667,143,Peoria County
1746695,-90.16079,40.79926,095,Knox County
1746734,-91.36893,40.11895,001,Adams County
1746786,-88.65033,42.22219,111,McHenry County
1746825,-90.39307,40.49855,057,Fulton County
1746864,-89.77834,38.78513,119,Madison County
1746916,-88.94392,37.73193,199,Williamson County
1746955,-89.77513,38.25254,163,St. Clair County
1746981,-89.24727,41.26754,155,Putnam County
1747007,-87.69527,41.60395,031,Cook County
1747046,-87.92715,41.54847,197,Will County
1747072,-88.95603,40.03032,115,Macon County
1747111,-89.60224,40.6172,179,Tazewell County
1747150,-88.67248,41.31869,099,LaSalle County
1747163,-87.70092,39.39538,023,Clark County
1747254,-87.88155,39.33113,023,Clark County
1747280,-87.72555,40.91562,075,Iroquois County
1747397,-89.9659,38.72798,119,Madison County
1747423,-89.80498,38.52081,163,St. Clair County
1747449,-88.62593,38.95172,049,Effingham County
1747475,-89.70023,40.20082,125,Mason County
1747527,-90.6062,41.26051,131,Mercer County
1747540,-87.75176,41.50837,031,Cook County
1747553,-88.36655,39.46411,029,Coles County
1747592,-88.04613,38.03637,193,White County
1747774,-87.84494,41.88294,031,Cook County
1747787,-88.41948,41.24472,063,Grundy County
1748021,-89.40012,39.80824,167,Sangamon County
1748073,-90.83073,40.76824,071,Henderson County
1748138,-90.14156,39.178,117,Macoupin County
1748242,-87.85483,41.9046,031,Cook County
1748268,-88.24784,40.56963,053,Ford County
1748307,-91.28717,40.08572,001,Adams County
1748333,-89.11497,41.55752,099,LaSalle County
1748359,-90.54181,42.48029,085,Jo Daviess County
1748424,-90.55779,39.82816,137,Morgan County
1748554,-87.69922,41.68241,031,Cook County
1748567,-90.41539,39.71548,171,Scott County
1748606,-89.36605,40.79764,203,Woodford County
1748632,-87.80901,39.79583,045,Edgar County
1748645,-88.69188,37.15859,127,Massac County
1748671,-87.92059,42.24735,097,Lake County
1748684,-91.50349,40.14983,001,Adams County
1748853,-89.59141,40.09774,129,Menard County
1748892,-87.7187,41.6228,031,Cook County
1749009,-90.56732,41.43814,161,Rock Island County
1749048,-87.69621,40.62875,075,Iroquois County
1749100,-88.54957,41.60585,093,Kendall County
1749178,-89.25352,37.34113,181,Union County
1749191,-89.77285,41.9605,015,Carroll County
1749243,-90.8186,41.2403,131,Mercer County
1749308,-88.60255,41.56178,099,LaSalle County
1749347,-88.34556,38.24426,193,White County
1749386,-90.08801,38.45279,163,St. Clair County
1749477,-90.65029,39.56289,149,Pike County
1749516,-89.83616,41.38025,011,Bureau County
1749555,-89.3131,40.43144,179,Tazewell County
1749568,-89.03962,40.91299,203,Woodford County
1749607,-88.26891,41.48049,093,Kendall County
1749698,-90.08136,38.76322,119,Madison County
1749802,-89.98004,39.47819,117,Macoupin County
1749854,-87.8887,41.52684,197,Will County
1749867,-90.48796,41.46972,161,Rock Island County
1749893,-87.66533,41.1636,091,Kankakee County
1749945,-87.75233,41.41443,197,Will County
1750010,-90.64547,40.90974,187,Warren County
1750062,-88.99764,42.10104,141,Ogle County
1750218,-88.34178,41.72181,093,Kendall County
1750244,-88.57274,40.04093,147,Piatt County
1750283,-88.37526,39.16854,049,Effingham County
1750452,-90.02568,38.92538,119,Madison County
1750491,-88.40945,41.39069,063,Grundy County
1750530,-89.96286,41.81016,195,Whiteside County
1750543,-89.45827,39.42131,021,Christian County
1750621,-89.46192,40.61271,179,Tazewell County
1750647,-87.78226,42.03952,031,Cook County
1750699,-89.56899,40.81446,143,Peoria County
1750751,-89.16405,37.08393,153,Pulaski County
1750777,-89.2021,37.1163,153,Pulaski County
1750790,-90.87373,40.00664,009,Brown County
1750829,-89.2608,39.76485,021,Christian County
1750868,-87.76487,38.41897,185,Wabash County
1750881,-89.97677,42.09315,015,Carroll County
1750920,-89.82546,39.09667,117,Macoupin County
1750933,-88.23236,38.51476,191,Wayne County
1750998,-89.43157,42.04802,141,Ogle County
1751024,-89.72857,39.07048,117,Macoupin County
1751089,-87.94718,42.05607,031,Cook County
1751128,-89.28472,40.01288,107,Logan County
1751154,-90.7654,39.98432,009,Brown County
1751180,-88.92804,38.31159,081,Jefferson County
1751206,-88.87885,39.78097,115,Macon County
1751232,-89.01533,39.63177,173,Shelby County
1751271,-88.51658,37.76067,165,Saline County
1751284,-89.2667,38.92772,005,Bond County
1751310,-89.11079,37.97319,055,Franklin County
1751336,-87.84304,40.11603,183,Vermilion County
1751349,-88.00606,42.26797,097,Lake County
1751453,-89.33026,37.76701,077,Jackson County
1751479,-90.2497,39.58358,137,Morgan County
1751544,-89.38572,41.83433,103,Lee County
1751622,-88.12821,41.74381,043,DuPage County
1751648,-88.88144,41.33048,099,LaSalle County
1751661,-90.60749,39.7514,171,Scott County
1751700,-89.37225,38.35931,189,Washington County
1751726,-88.96605,38.17827,081,Jefferson County
1751791,-91.38372,40.54727,067,Hancock County
1751882,-90.7876,39.44253,149,Pike County
1751934,-90.19128,41.17175,073,Henry County
1751947,-89.60496,41.79676,103,Lee County
1751986,-88.45129,39.31788,035,Cumberland County
1751999,-89.78939,41.29669,011,Bureau County
1752103,-88.58027,41.53699,093,Kendall County
1752116,-89.87576,38.31965,163,St. Clair County
1752142,-89.70917,38.53514,163,St. Clair County
1752155,-89.71819,41.5112,011,Bureau County
1752168,-89.91578,39.72795,167,Sangamon County
1752220,-91.00036,41.17027,131,Mercer County
1752285,-88.77264,37.5752,087,Johnson County
1752311,-91.09775,39.63787,149,Pike County
1752415,-89.6665,38.97017,119,Madison County
1752467,-89.01746,37.25477,153,Pulaski County
1752506,-88.1277,37.90025,059,Gallatin County
1752545,-89.58237,40.18194,107,Logan County
1752584,-87.92776,41.50343,197,Will County
1752623,-87.9853,39.80006,041,Douglas County
1752701,-89.06202,42.17802,201,Winnebago County
1752714,-89.3703,38.43694,189,Washington County
1752805,-90.84785,39.70761,149,Pike County
1752844,-88.16433,38.98555,079,Jasper County
1752961,-89.1668,39.85352,115,Macon County
1753000,-87.81077,42.03062,031,Cook County
1753039,-89.80834,39.40151,117,Macoupin County
1753078,-91.28808,40.61379,067,Hancock County
1753143,-88.22336,38.69737,159,Richland County
1753169,-89.28373,39.29989,135,Montgomery County
1753195,-89.94457,42.45899,085,Jo Daviess County
1753234,-88.9629,40.52689,113,McLean County
1753377,-87.82403,41.96309,031,Cook County
1753390,-90.03237,40.62573,057,Fulton County
1753403,-88.32861,37.98268,193,White County
1753442,-88.34675,41.81063,089,Kane County
1753455,-88.13791,42.20792,097,Lake County
1753481,-87.82527,42.12561,031,Cook County
1753559,-87.85511,42.31585,097,Lake County
1753585,-89.06373,37.99001,055,Franklin County
1753663,-87.78231,42.1034,031,Cook County
1753793,-90.47541,41.08934,131,Mercer County
1753871,-87.905,41.92076,031,Cook County
1754092,-89.62184,40.6192,179,Tazewell County
1754144,-87.82635,41.84623,031,Cook County
1754222,-89.00794,41.35988,099,LaSalle County
1754404,-89.70024,40.70775,143,Peoria County
1754534,-87.94572,41.8403,043,DuPage County
1754560,-87.96684,41.8572,043,DuPage County
1754586,-89.50483,38.26623,189,Washington County
1754625,-89.9669,40.10193,129,Menard County
1754638,-87.74401,41.59945,031,Cook County
1754703,-90.5746,41.41221,161,Rock Island County
1754781,-88.02772,39.6594,029,Coles County
1754820,-87.74417,41.71046,031,Cook County
1754885,-87.7903,41.89794,031,Cook County
1754924,-90.1338,40.96125,095,Knox County
1755002,-87.77822,40.1123,183,Vermilion County
1755041,-88.24005,42.24702,111,McHenry County
1755106,-87.90884,38.99868,033,Crawford County
1755132,-89.10548,39.28659,173,Shelby County
1755171,-88.52384,41.00223,105,Livingston County
1755210,-89.05608,38.61424,121,Marion County
1755249,-89.9269,38.59699,163,St. Clair County
1755275,-87.95644,40.11629,019,Champaign County
1755353,-89.06655,41.29285,099,LaSalle County
1755379,-89.45996,41.55691,011,Bureau County
1755418,-89.21886,39.34522,135,Montgomery County
1755470,-89.54616,38.43671,189,Washington County
1755639,-87.98013,42.43048,097,Lake County
1755717,-89.57223,38.89232,005,Bond County
1755756,-88.13865,37.69724,059,Gallatin County
1755847,-89.35461,37.17275,003,Alexander County
1755886,-87.63992,39.94438,183,Vermilion County
1755899,-89.08547,37.17848,153,Pulaski County
1755912,-88.07666,38.72561,159,Richland County
1755938,-87.70153,41.52158,031,Cook County
1756003,-88.30531,37.89034,059,Gallatin County
1756081,-88.01055,40.71711,075,Iroquois County
1756159,-90.22615,41.07216,095,Knox County
1756198,-88.79023,38.25873,081,Jefferson County
1756211,-90.38252,41.25427,073,Henry County
1756237,-90.94861,40.94509,071,Henderson County
1756341,-89.64804,42.46313,177,Stephenson County
1756471,-88.86313,39.94111,115,Macon County
1756484,-89.34076,42.01445,141,Ogle County
1756536,-88.97755,37.9143,055,Franklin County
1756601,-90.37675,41.35104,073,Henry County
1756627,-87.83996,41.59161,031,Cook County
1756640,-87.84519,41.60305,031,Cook County
1756796,-90.28256,41.34502,073,Henry County
1756887,-88.34305,41.67148,093,Kendall County
1756926,-88.83924,41.35475,099,LaSalle County
1756978,-90.39844,39.0508,083,Jersey County
1757043,-89.19469,39.48485,021,Christian County
1757121,-90.56077,39.70441,171,Scott County
1757160,-90.04627,38.35957,163,St. Clair County
1757225,-88.04133,42.10749,031,Cook County
1757277,-87.6135,38.99931,033,Crawford County
1757303,-89.40788,39.45861,021,Christian County
1757329,-89.99596,39.43803,117,Macoupin County
1757342,-91.19996,40.02182,001,Adams County
1757381,-87.79207,41.66448,031,Cook County
1757394,-87.82537,41.69729,031,Cook County
1757407,-87.83242,41.66691,031,Cook County
1757472,-89.08042,39.38181,021,Christian County
1757498,-89.52601,39.02426,005,Bond County
1757524,-89.02293,40.77707,203,Woodford County
1757576,-87.71577,40.96702,075,Iroquois County
1757628,-87.69368,39.61779,045,Edgar County
1757654,-87.89284,42.35216,097,Lake County
1757693,-88.0569,38.58879,159,Richland County
1757732,-87.68631,41.48427,031,Cook County
1757875,-87.84297,42.01179,031,Cook County
1758057,-89.09594,38.7536,121,Marion County
1758174,-89.58083,39.59327,167,Sangamon County
1758226,-88.98459,41.69261,103,Lee County
1758239,-88.09787,40.45686,053,Ford County
1758265,-91.24073,39.81247,001,Adams County
1758343,-90.62321,39.45954,149,Pike County
1758369,-89.82594,42.26933,177,Stephenson County
1758408,-89.36002,42.31256,201,Winnebago County
1758447,-89.63199,40.57162,179,Tazewell County
1758577,-87.94606,40.30281,019,Champaign County
1759000,-89.61481,40.74783,143,Peoria County
1759026,-89.56876,40.74314,143,Peoria County
1759052,-87.79637,41.3301,197,Will County
1759104,-89.61847,38.01762,157,Randolph County
1759156,-90.74702,39.78169,149,Pike County
1759234,-89.12243,41.34385,099,LaSalle County
1759273,-88.27915,39.90763,019,Champaign County
1759312,-89.85253,40.01193,129,Menard County
1759520,-88.01811,38.14291,193,White County
1759533,-88.15664,40.00257,019,Champaign County
1759572,-87.62955,41.61145,031,Cook County
1759709,-89.59551,38.77734,005,Bond County
1759884,-89.34452,38.0927,145,Perry County
1759988,-88.43969,42.08693,089,Kane County
1760079,-88.18974,40.75676,053,Ford County
1760144,-88.21136,42.40056,111,McHenry County
1760209,-88.84979,37.78082,199,Williamson County
1760222,-90.75456,39.63815,149,Pike County
1760287,-88.23246,41.62499,197,Will County
1760339,-91.18443,39.7841,001,Adams County
1760352,-88.49857,41.68311,093,Kendall County
1760391,-88.38522,41.53294,093,Kendall County
1760534,-90.87376,39.44517,149,Pike County
1760599,-89.91945,39.87052,167,Sangamon County
1760826,-87.54559,41.46,197,Will County
1760833,-90.91675,40.29201,067,Hancock County
1760872,-89.53917,38.82478,005,Bond County
1760937,-89.57759,41.9833,141,Ogle County
1761015,-88.64885,40.89898,105,Livingston County
1761067,-90.05287,38.72109,119,Madison County
1761080,-91.21014,40.62512,067,Hancock County
1761145,-88.84324,42.34931,007,Boone County
1761216,-88.19653,42.24491,097,Lake County
1761223,-90.33146,41.6065,161,Rock Island County
1761314,-87.68729,41.62676,031,Cook County
1761366,-87.80071,40.30208,183,Vermilion County
1761548,-90.46495,40.62102,109,McDonough County
1761639,-90.0997,38.08468,157,Randolph County
1761678,-88.26899,42.27468,111,McHenry County
1761743,-89.92201,38.96822,119,Madison County
1761782,-90.57986,41.30951,131,Mercer County
1761821,-88.42331,41.78321,089,Kane County
1761860,-88.07416,41.49726,197,Will County
1761899,-89.47368,41.38065,011,Bureau County
1761925,-89.7563,40.93026,143,Peoria County
1761977,-89.93526,41.66702,195,Whiteside County
1762016,-87.93719,42.10725,031,Cook County
1762211,-89.20889,37.216,153,Pulaski County
1762367,-91.36845,39.93613,001,Adams County
1762523,-89.1921,38.27967,189,Washington County
1762588,-88.53034,37.82698,165,Saline County
1762627,-89.1105,39.14208,051,Fayette County
1762744,-87.89653,40.46473,183,Vermilion County
1762757,-88.65418,41.15857,099,LaSalle County
1762783,-88.15549,40.29914,019,Champaign County
1762822,-90.34046,41.58032,161,Rock Island County
1762848,-90.8255,40.69591,071,Henderson County
1762965,-89.57413,39.31515,135,Montgomery County
1763043,-89.99543,38.20751,157,Randolph County
1763056,-88.2492,41.09999,091,Kankakee County
1763069,-87.86345,39.64459,045,Edgar County
1763355,-89.86848,38.49303,163,St. Clair County
1763382,-88.12893,41.25208,197,Will County
1763420,-90.67308,41.33224,161,Rock Island County
1763537,-91.11579,39.81385,001,Adams County
1763641,-88.31463,42.46163,111,McHenry County
1763706,-87.74197,41.48118,031,Cook County
1763719,-89.17777,38.37824,189,Washington County
1763862,-87.65149,39.89336,183,Vermilion County
1763875,-88.3632,42.26991,111,McHenry County
1764005,-88.03934,41.53449,197,Will County
1764018,-88.26161,37.79543,059,Gallatin County
1764044,-89.47733,42.29672,177,Stephenson County
1764083,-90.42392,39.69397,171,Scott County
1764094,-88.63087,42.19329,111,McHenry County
1764135,-88.30112,42.39813,111,McHenry County
1764148,-90.39977,41.11055,095,Knox County
1764174,-90.63803,40.0246,009,Brown County
1764239,-88.1159,41.25558,197,Will County
1764278,-87.64165,41.64437,031,Cook County
1764304,-87.81863,41.89426,031,Cook County
1764343,-87.83843,41.92817,031,Cook County
1764421,-87.81745,41.82951,031,Cook County
1764486,-89.54053,39.84904,167,Sangamon County
1764538,-87.89877,42.17079,097,Lake County
1764590,-89.20154,40.79964,203,Woodford County
1764616,-87.70898,41.64408,031,Cook County
1764655,-88.18374,40.61485,053,Ford County
1764707,-87.73989,39.00684,033,Crawford County
1764746,-89.07082,41.92625,141,Ogle County
1764759,-89.54363,39.74584,167,Sangamon County
1764811,-90.20656,39.26926,061,Greene County
1764837,-89.46982,42.41201,177,Stephenson County
1764902,-88.12381,41.50539,197,Will County
1764928,-89.69296,41.77146,195,Whiteside County
1765000,-89.04833,42.25435,201,Winnebago County
1765078,-90.57386,41.48587,161,Rock Island County
1765104,-90.54255,41.51626,161,Rock Island County
1765130,-91.01068,39.53701,149,Pike County
1765156,-89.07806,42.44387,201,Winnebago County
1765221,-89.6985,37.84764,157,Randolph County
1765338,-88.02958,42.07608,031,Cook County
1765403,-89.51188,40.87407,143,Peoria County
1765442,-88.08625,41.64158,197,Will County
1765481,-90.37346,39.48286,061,Greene County
1765611,-89.00736,42.43195,201,Winnebago County
1765754,-88.15128,39.10439,079,Jasper County
1765806,-88.0902,41.97966,043,DuPage County
1765819,-87.86693,41.98176,031,Cook County
1765845,-90.66412,40.72986,187,Warren County
1765884,-90.07164,38.89578,119,Madison County
1765897,-88.35123,37.42033,069,Hardin County
1765962,-87.66913,40.38645,183,Vermilion County
1766027,-88.09567,42.3384,097,Lake County
1766040,-88.07522,42.38278,097,Lake County
1766053,-88.10481,42.38502,097,Lake County
1766066,-88.05079,42.31311,097,Lake County
1766131,-90.03459,38.831,119,Madison County
1766157,-87.9726,40.19316,019,Champaign County
1766196,-89.96069,39.11172,117,Macoupin County
1766209,-89.11417,37.87691,055,Franklin County
1766287,-90.00436,38.1357,157,Randolph County
1766339,-90.56501,40.11906,169,Schuyler County
1766404,-87.53184,38.81881,101,Lawrence County
1766443,-89.04142,40.98625,099,LaSalle County
1766534,-88.34581,39.96977,019,Champaign County
1766599,-88.36152,38.76384,025,Clay County
1766638,-87.71822,41.02278,091,Kankakee County
1766677,-90.40705,40.72455,095,Knox County
1766703,-88.29517,41.93272,089,Kane County
1766768,-90.05315,40.49169,057,Fulton County
1766794,-88.85074,39.01681,051,Fayette County
1766800,-88.02766,38.92954,079,Jasper County
1766833,-87.6477,38.59435,101,Lawrence County
1766859,-89.76893,38.71724,119,Madison County
1766924,-89.24048,38.03292,145,Perry County
1766950,-88.03643,40.11359,019,Champaign County
1766989,-89.71554,38.36384,163,St. Clair County
1767132,-88.85279,38.86589,051,Fayette County
1767158,-89.55345,38.68311,027,Clinton County
1767236,-88.95004,38.6309,121,Marion County
1767372,-87.86753,41.04039,091,Kankakee County
1767444,-89.12007,38.61127,121,Marion County
1767548,-88.6037,41.65303,037,DeKalb County
1767613,-89.6036,40.30374,125,Mason County
1767756,-90.14335,38.57483,163,St. Clair County
1767769,-87.57485,41.49518,031,Cook County
1767795,-88.4066,40.89381,105,Livingston County
1767821,-90.1486,42.09844,015,Carroll County
1767860,-88.26019,40.06546,019,Champaign County
1767873,-89.80201,39.07851,117,Macoupin County
1767912,-88.52573,40.43093,113,McLean County
1767925,-90.25227,42.47738,085,Jo Daviess County
1768003,-88.0583,42.03225,031,Cook County
1768081,-87.86822,41.96473,031,Cook County
1768120,-89.46159,39.16468,135,Montgomery County
1768198,-90.7454,40.56128,109,McDonough County
1768328,-89.84907,38.54375,163,St. Clair County
1768406,-90.10378,39.47772,117,Macoupin County
1768458,-90.79913,41.10226,131,Mercer County
1768471,-89.27417,41.36683,011,Bureau County
1768510,-89.13312,40.74408,203,Woodford County
1768640,-88.6102,41.32265,099,LaSalle County
1768679,-88.73308,41.48629,099,LaSalle County
1768705,-89.05147,38.09026,055,Franklin County
1768809,-88.42833,40.10622,019,Champaign County
1768822,-88.87883,41.76446,037,DeKalb County
1768991,-89.74054,42.15197,015,Carroll County
1769082,-88.18785,37.71458,059,Gallatin County
1769147,-89.74126,41.35487,011,Bureau County
1769186,-88.80163,39.40734,173,Shelby County
1769212,-87.5664,40.77247,075,Iroquois County
1769277,-88.68237,41.52769,099,LaSalle County
1769342,-89.60896,39.88495,167,Sangamon County
1769368,-90.49881,41.30874,131,Mercer County
1769524,-89.91384,38.55031,163,St. Clair County
1769563,-90.04635,39.12044,117,Macoupin County
1769628,-89.06482,40.40604,113,McLean County
1769758,-88.21183,41.5211,197,Will County
1769797,-88.65474,39.18321,049,Effingham County
1769810,-88.37798,40.58684,053,Ford County
1769836,-87.82358,39.90974,183,Vermilion County
1769875,-88.07187,40.0241,019,Champaign County
1769914,-88.49536,39.22438,173,Shelby County
1769979,-90.41293,41.49826,161,Rock Island County
1770005,-88.75573,37.46559,087,Johnson County
1770031,-88.53593,38.36057,191,Wayne County
1770122,-87.73644,42.03614,031,Cook County
1770161,-88.31599,42.09154,089,Kane County
1770213,-89.33993,38.8982,005,Bond County
1770226,-90.29623,40.47615,057,Fulton County
1770252,-89.98874,38.41916,163,St. Clair County
1770278,-89.802,40.65982,143,Peoria County
1770356,-88.28081,42.44537,111,McHenry County
1770460,-88.67057,41.64128,037,DeKalb County
1770525,-89.57534,38.99932,005,Bond County
1770564,-88.16265,42.08892,031,Cook County
1770590,-89.03788,42.47693,201,Winnebago County
1770629,-87.61912,41.48435,031,Cook County
1770720,-88.29796,41.99148,089,Kane County
1770759,-89.65295,39.75852,167,Sangamon County
1770850,-87.60417,41.59933,031,Cook County
1770889,-90.228,39.69859,137,Morgan County
1771175,-89.651,40.49967,179,Tazewell County
1771240,-90.0613,38.81325,119,Madison County
1771370,-88.28132,41.17398,063,Grundy County
1771422,-89.43833,41.02775,123,Marshall County
1771448,-89.71741,38.14108,157,Randolph County
1771474,-89.54233,39.86643,167,Sangamon County
1771526,-88.91744,37.76614,199,Williamson County
1771604,-89.52292,40.82566,203,Woodford County
1771643,-88.35602,38.17737,193,White County
1772000,-89.69469,39.76385,167,Sangamon County
1772052,-88.23722,42.45343,111,McHenry County
1772156,-89.21904,41.34536,011,Bureau County
1772221,-89.18248,41.25436,155,Putnam County
1772234,-89.78273,39.35041,117,Macoupin County
1772260,-89.22167,40.43476,113,McLean County
1772403,-89.79557,39.01152,117,Macoupin County
1772468,-89.66548,38.00939,157,Randolph County
1772520,-87.61294,41.47351,031,Cook County
1772546,-89.70165,41.80003,195,Whiteside County
1772624,-89.02015,41.84895,103,Lee County
1772650,-88.63004,39.26132,173,Shelby County
1772676,-87.77452,41.81799,031,Cook County
1772702,-89.18149,42.10403,141,Ogle County
1772780,-89.99931,42.35349,085,Jo Daviess County
1772884,-88.70519,37.61582,165,Saline County
1772923,-87.88419,41.90548,031,Cook County
1772949,-89.19073,39.63647,021,Christian County
1773027,-87.83359,38.99674,033,Crawford County
1773040,-88.62252,39.34972,173,Shelby County
1773131,-88.39928,40.65171,105,Livingston County
1773157,-88.1817,42.01598,031,Cook County
1773170,-88.82528,41.12096,099,LaSalle County
1773261,-90.90928,40.74608,071,Henderson County
1773287,-89.2324,41.64208,103,Lee County
1773391,-88.4682,41.78097,089,Kane County
1773495,-88.60471,39.58926,139,Moultrie County
1773547,-89.74802,38.59605,163,St. Clair County
1773638,-87.81494,41.79242,031,Cook County
1773703,-87.86207,38.72131,101,Lawrence County
1773872,-88.14443,41.57255,197,Will County
1773943,-87.73337,41.12927,091,Kankakee County
1774119,-89.98045,38.54918,163,St. Clair County
1774145,-90.44098,41.28108,131,Mercer County
1774223,-88.68647,41.99216,037,DeKalb County
1774275,-88.05329,41.32583,197,Will County
1774301,-90.42512,40.36466,057,Fulton County
1774379,-89.93402,39.94885,129,Menard County
1774444,-89.22852,38.13705,145,Perry County
1774457,-89.26901,37.23956,003,Alexander County
1774470,-89.78615,41.6324,195,Whiteside County
1774548,-90.67102,41.39189,161,Rock Island County
1774561,-89.494,39.13254,135,Montgomery County
1774574,-89.32472,39.53128,021,Christian County
1774665,-90.84062,40.41171,109,McDonough County
1774743,-88.48464,39.13153,049,Effingham County
1774847,-88.11358,40.67454,075,Iroquois County
1774860,-89.76628,39.53889,167,Sangamon County
1774873,-89.45337,37.21413,003,Alexander County
1774970,-90.32709,42.4011,085,Jo Daviess County
1775081,-88.00768,42.37051,097,Lake County
1775107,-88.18803,40.24616,019,Champaign County
1775159,-88.76224,37.91446,055,Franklin County
1775172,-90.11512,41.9775,015,Carroll County
1775185,-87.61977,41.57097,031,Cook County
1775263,-89.68385,38.21575,157,Randolph County
1775276,-87.64364,40.098,183,Vermilion County
1775360,-88.86696,42.33661,007,Boone County
1775484,-87.80821,41.56974,031,Cook County
1775549,-89.51016,41.29254,011,Bureau County
1775601,-88.24428,39.27336,035,Cumberland County
1775614,-88.26288,40.00375,019,Champaign County
1775653,-89.13418,41.00458,123,Marshall County
1775718,-89.06964,41.21623,099,LaSalle County
1775757,-89.93068,40.33022,125,Mason County
1775783,-89.8674,41.09055,175,Stark County
1775809,-89.44594,39.58811,021,Christian County
1775822,-88.89974,40.5645,113,McLean County
1775848,-88.95925,39.38703,173,Shelby County
1775874,-88.15302,42.2313,097,Lake County
1775965,-89.49095,40.52116,179,Tazewell County
1775991,-89.68274,38.60712,027,Clinton County
1776017,-88.35147,39.37624,029,Coles County
1776082,-89.01896,41.50192,099,LaSalle County
1776108,-89.88869,40.69728,143,Peoria County
1776160,-88.25337,42.19626,111,McHenry County
1776199,-89.91075,38.72204,119,Madison County
1776225,-89.08086,41.46636,099,LaSalle County
1776407,-88.27867,39.79684,041,Douglas County
1776511,-89.0965,40.48407,113,McLean County
1776615,-89.18332,37.28182,153,Pulaski County
1776706,-88.5471,42.22498,111,McHenry County
1776771,-88.14611,41.10739,091,Kankakee County
1776875,-89.27348,37.15202,003,Alexander County
1776935,-87.71415,41.44742,197,Will County
1777005,-88.20219,40.10976,019,Champaign County
1777044,-91.37679,40.07518,001,Adams County
1777148,-89.04426,38.01639,055,Franklin County
1777187,-90.65074,39.70651,149,Pike County
1777265,-90.29761,38.3072,133,Monroe County
1777317,-89.10226,38.98661,051,Fayette County
1777395,-89.22233,41.03205,123,Marshall County
1777408,-89.64566,38.39705,189,Washington County
1777460,-88.04429,42.40555,097,Lake County
1777473,-90.17009,38.67337,119,Madison County
1777525,-89.34099,37.90039,077,Jackson County
1777551,-87.588,39.58201,045,Edgar County
1777642,-90.43001,40.2983,057,Fulton County
1777681,-89.08755,38.80141,121,Marion County
1777694,-87.9588,42.23701,097,Lake County
1777707,-88.50226,41.21516,063,Grundy County
1777720,-90.65932,39.88645,009,Brown County
1777811,-90.09301,41.03329,095,Knox County
1777863,-88.88908,37.4174,087,Johnson County
1777941,-88.16086,39.86861,041,Douglas County
1777993,-87.97448,41.88741,043,DuPage County
1778123,-90.58711,41.20453,131,Mercer County
1778149,-89.77507,39.50462,117,Macoupin County
1778175,-88.53277,41.95823,089,Kane County
1778201,-90.21226,39.95152,017,Cass County
1778227,-88.1691,42.33422,097,Lake County
1778370,-87.94698,42.44814,097,Lake County
1778383,-89.65254,39.37756,135,Montgomery County
1778526,-89.59235,41.55446,011,Bureau County
1778604,-89.04473,38.47771,121,Marion County
1778656,-89.61893,39.06795,135,Montgomery County
1778708,-89.03995,38.20951,081,Jefferson County
1778721,-89.14622,38.49545,189,Washington County
1778773,-88.96105,40.22085,039,De Witt County
1778851,-89.99107,42.49403,085,Jo Daviess County
1778916,-89.06238,39.92953,115,Macon County
1778929,-88.18916,41.82429,043,DuPage County
1778942,-91.42802,40.35279,067,Hancock County
1779007,-89.29292,40.92011,203,Woodford County
1779033,-89.42915,40.7043,179,Tazewell County
1779085,-90.08941,38.62662,163,St. Clair County
1779124,-90.27772,41.0263,095,Knox County
1779150,-90.15266,38.33705,133,Monroe County
1779163,-88.7698,41.77266,037,DeKalb County
1779228,-87.72561,40.77406,075,Iroquois County
1779241,-88.57001,39.02327,049,Effingham County
1779267,-88.13469,42.27585,097,Lake County
1779293,-87.84988,42.36829,097,Lake County
1779358,-89.95313,39.58977,137,Morgan County
1779397,-88.27076,41.9525,089,Kane County
1779436,-88.58556,38.3519,191,Wayne County
1779449,-89.12441,40.24121,039,De Witt County
1779618,-88.77221,41.43706,099,LaSalle County
1779683,-88.7506,40.12176,039,De Witt County
1779735,-87.68358,40.55028,075,Iroquois County
1779813,-89.05607,41.05517,123,Marshall County
1779826,-89.28876,39.31789,135,Montgomery County
1780008,-89.14733,41.69315,103,Lee County
1780047,-87.88409,41.85564,031,Cook County
1780060,-88.22874,41.89882,043,DuPage County
1780073,-88.94987,37.99502,055,Franklin County
1780125,-88.2859,42.09425,089,Kane County
1780242,-87.90001,41.80786,031,Cook County
1780255,-88.86236,39.47977,173,Shelby County
1780281,-87.99634,39.4554,023,Clark County
1780333,-88.9312,37.90467,055,Franklin County
1780570,-89.29121,42.31135,201,Winnebago County
1780580,-88.08525,38.8524,079,Jasper County
1780645,-87.97537,41.79913,043,DuPage County
1780736,-89.64113,40.69765,143,Peoria County
1780762,-91.18529,40.25455,067,Hancock County
1780853,-88.00921,38.52351,047,Edwards County
1780879,-87.66358,39.21225,023,Clark County
1780931,-87.6387,40.04986,183,Vermilion County
1780957,-87.67307,39.16866,023,Clark County
1781048,-88.11359,41.85339,043,DuPage County
1781074,-88.31745,39.04216,079,Jasper County
1781087,-87.92439,42.12802,031,Cook County
1781165,-88.92937,37.78505,199,Williamson County
1781191,-89.76604,39.07179,117,Macoupin County
1781256,-90.4007,39.44164,061,Greene County
1781295,-88.51194,40.0872,147,Piatt County
1781802,-90.01892,40.92455,095,Knox County
1781815,-89.76425,38.98201,119,Madison County
1781854,-89.56585,39.93752,167,Sangamon County
1781867,-89.5898,37.98264,145,Perry County
1781919,-87.94022,41.7621,043,DuPage County
1781938,-87.5322,41.45454,197,Will County
1782010,-88.02181,38.99576,079,Jasper County
1782029,-89.64029,42.33401,177,Stephenson County
1782049,-87.88889,41.72809,031,Cook County
1782075,-87.72174,42.07507,031,Cook County
1782088,-90.48685,39.47733,061,Greene County
1782101,-88.10572,41.33888,197,Will County
1782218,-89.85543,39.06901,117,Macoupin County
1782257,-87.9564,41.35018,197,Will County
1782270,-90.45733,39.62935,171,Scott County
1782309,-90.44308,41.20234,131,Mercer County
1782322,-88.59553,39.43946,173,Shelby County
1782400,-88.14985,41.88262,043,DuPage County
1782491,-89.24029,42.2669,201,Winnebago County
1782530,-87.75028,42.11418,031,Cook County
1782543,-89.79577,42.49393,177,Stephenson County
1782686,-87.83168,42.48033,097,Lake County
1782725,-89.34978,39.25017,135,Montgomery County
1782855,-88.34669,42.37852,111,McHenry County
1782985,-87.97799,41.96981,043,DuPage County
1783063,-90.32489,41.1772,073,Henry County
1783102,-87.73192,40.71066,075,Iroquois County
1783206,-89.03359,38.3288,081,Jefferson County
1783245,-88.02532,41.72852,043,DuPage County
1783271,-90.08927,38.8607,119,Madison County
1783336,-90.22592,39.62534,137,Morgan County
1783349,-88.45318,42.31208,111,McHenry County
1783505,-89.83825,38.93424,119,Madison County
1783518,-87.79153,41.68734,031,Cook County
1783622,-89.58253,41.36259,011,Bureau County
1783687,-89.77427,41.06535,175,Stark County
1783739,-88.64437,38.63414,025,Clay County
1783765,-88.02465,39.12022,079,Jasper County
1783817,-90.01506,40.78189,095,Knox County
1784038,-88.45351,41.71932,093,Kendall County
1784155,-89.05246,37.9046,055,Franklin County
1784220,-87.84861,42.46021,097,Lake County
