chamber,district,member,office_address,office_city,office_status,town_1,town_1_geoid,town_1_role,town_1_why,town_2,town_2_geoid,town_2_role,town_2_why
senate,1,Javier Cervantes,"6729 Stanley Ave. 1st Floor, Suite A, Berwyn, IL 60609",Berwyn,in district,Berwyn,1705573,office,"The member's district office is here (6729 Stanley Ave. 1st Floor, Suite A, Berwyn, IL 60609).",Cicero,1714351,best,"Best town after the office town among towns with more than half their land in the district and more than 5,000 people, by land share × population (70% of its land × 85,268 people = 60,037)."
senate,2,Omar Aquino,"4053 W. Armitage Ave., Chicago, IL 60639",Chicago,in district,Chicago,1714000,office,"The member's district office is here (4053 W. Armitage Ave., Chicago, IL 60639).",,,,
senate,3,Mattie Hunter,"2929 S. Wabash Ave. Suite 102, Chicago, IL 60616",Chicago,in district,Chicago,1714000,office,"The member's district office is here (2929 S. Wabash Ave. Suite 102, Chicago, IL 60616).",,,,
senate,4,Kimberly Lightford,"High Point Plaza 4415 W. Harrison St., Suite 550, Hillside, IL 60162",Hillside,in district,Hillside,1735086,office,"The member's district office is here (High Point Plaza 4415 W. Harrison St., Suite 550, Hillside, IL 60162).",Maywood,1747774,best,"Best town after the office town among towns with more than half their land in the district and more than 5,000 people, by land share × population (100% of its land × 23,512 people = 23,512)."
senate,5,Lakesia Collins,"2165 S. Millard Ave., Chicago, IL 60623",Chicago,in district,Chicago,1714000,office,"The member's district office is here (2165 S. Millard Ave., Chicago, IL 60623).",,,,
senate,6,Sara Feigenholtz,"3223 N. Sheffield Ave. Suite A, Chicago, IL 60657",Chicago,in district,Chicago,1714000,office,"The member's district office is here (3223 N. Sheffield Ave. Suite A, Chicago, IL 60657).",,,,
senate,7,Mike Simmons-Gessesse,"1040 W. Bryn Mawr Ave., Chicago, IL 60660",Chicago,in district,Chicago,1714000,office,"The member's district office is here (1040 W. Bryn Mawr Ave., Chicago, IL 60660).",,,,
senate,8,Ram Villivalam,"3851 W. Devon Ave., Chicago, IL 60659",Chicago,in district,Chicago,1714000,office,"The member's district office is here (3851 W. Devon Ave., Chicago, IL 60659).",Skokie,1770122,best,"Best town after the office town among towns with more than half their land in the district and more than 5,000 people, by land share × population (50% of its land × 67,824 people = 34,007)."
senate,9,Laura Fine,"1812 Waukegan Road Suite A, Glenview, IL 60026",Glenview,in district,Glenview,1729938,office,"The member's district office is here (1812 Waukegan Road Suite A, Glenview, IL 60026).",Evanston,1724582,best,"Best town after the office town among towns with more than half their land in the district and more than 5,000 people, by land share × population (100% of its land × 78,110 people = 78,110)."
senate,10,Rob Martwick,"4349 N. Milwaukee Ave., Chicago, IL 60641",Chicago,in district,Chicago,1714000,office,"The member's district office is here (4349 N. Milwaukee Ave., Chicago, IL 60641).",Norridge,1753377,best,"Best town after the office town among towns with more than half their land in the district and more than 5,000 people, by land share × population (100% of its land × 15,251 people = 15,251)."
senate,11,Mike Porfirio,"6215 W. 79th St. Suite 1A, Burbank, IL 60459",Burbank,in district,Burbank,1709642,office,"The member's district office is here (6215 W. 79th St. Suite 1A, Burbank, IL 60459).",Berwyn,1705573,best,"Best town after the office town among towns with more than half their land in the district and more than 5,000 people, by land share × population (56% of its land × 57,250 people = 31,963)."
senate,12,Celina Villanueva,"2501 S. Central Park Ave. Front Suite, Chicago, IL 60623",Chicago,in district,Chicago,1714000,office,"The member's district office is here (2501 S. Central Park Ave. Front Suite, Chicago, IL 60623).",Cicero,1714351,best,"Best town after the office town by land share × population (13% of its land × 85,268 people = 11,477). No remaining town has more than half its land in the district and more than 5,000 people."
senate,13,Robert Peters,"1304 E. 47th St. Suite 205, Chicago, IL 60615",Chicago,in district,Chicago,1714000,office,"The member's district office is here (1304 E. 47th St. Suite 205, Chicago, IL 60615).",,,,
senate,14,Emil Jones,"845 W. 115th St., Chicago, IL 60643",Chicago,in district,Chicago,1714000,office,"The member's district office is here (845 W. 115th St., Chicago, IL 60643).",Orland Park,1756640,best,"Best town after the office town among towns with more than half their land in the district and more than 5,000 people, by land share × population (50% of its land × 58,703 people = 29,516)."
senate,15,Napoleon Harris,"930 W. 175th St. Suite 3W, Homewood, IL 60430",Homewood,in district,Homewood,1735879,office,"The member's district office is here (930 W. 175th St. Suite 3W, Homewood, IL 60430).",Dolton,1720292,best,"Best town after the office town among towns with more than half their land in the district and more than 5,000 people, by land share × population (100% of its land × 21,426 people = 21,426)."
senate,16,Willie Preston,"8500 S. Pulaski Road, Chicago, IL 60652",Chicago,in district,Chicago,1714000,office,"The member's district office is here (8500 S. Pulaski Road, Chicago, IL 60652).",Hickory Hills,1734514,best,"Best town after the office town among towns with more than half their land in the district and more than 5,000 people, by land share × population (77% of its land × 14,505 people = 11,153)."
senate,17,Elgie Sims,"8233 S. Princeton Ave., Chicago, IL 60620",Chicago,in district,Chicago,1714000,office,"The member's district office is here (8233 S. Princeton Ave., Chicago, IL 60620).",Lansing,1742028,best,"Best town after the office town among towns with more than half their land in the district and more than 5,000 people, by land share × population (100% of its land × 29,076 people = 29,053)."
senate,18,Bill Cunningham,"10400 S. Western Ave., Chicago, IL 60643",Chicago,in district,Chicago,1714000,office,"The member's district office is here (10400 S. Western Ave., Chicago, IL 60643).",Oak Lawn,1754820,best,"Best town after the office town among towns with more than half their land in the district and more than 5,000 people, by land share × population (70% of its land × 58,362 people = 40,719)."
senate,19,Mike Hastings,"813 School Road, Matteson, IL 60443",Matteson,in district,Matteson,1747540,office,"The member's district office is here (813 School Road, Matteson, IL 60443).",Tinley Park,1775484,best,"Best town after the office town among towns with more than half their land in the district and more than 5,000 people, by land share × population (64% of its land × 55,971 people = 35,609)."
senate,20,Graciela Guzmán,"3140 W. Montrose Ave., Chicago, IL 60618",Chicago,in district,Chicago,1714000,office,"The member's district office is here (3140 W. Montrose Ave., Chicago, IL 60618).",,,,
senate,21,Laura Ellman,"24 W. 500 Maple Ave. Suite 215, Naperville, IL 60540",Naperville,in district,Naperville,1751622,office,"The member's district office is here (24 W. 500 Maple Ave. Suite 215, Naperville, IL 60540).",Lombard,1744407,best,"Best town after the office town among towns with more than half their land in the district and more than 5,000 people, by land share × population (80% of its land × 44,476 people = 35,465)."
senate,22,Cristina Castro,"164 E. Chicago St. Suite 201, Elgin, IL 60120",Elgin,in district,Elgin,1723074,office,"The member's district office is here (164 E. Chicago St. Suite 201, Elgin, IL 60120).",Streamwood,1773157,best,"Best town after the office town among towns with more than half their land in the district and more than 5,000 people, by land share × population (92% of its land × 39,577 people = 36,494)."
senate,23,Suzy Glowiak Hilton,"1 S. Cass Ave. Suite 203, Westmont, IL 60181",Westmont,in district,Westmont,1780645,office,"The member's district office is here (1 S. Cass Ave. Suite 203, Westmont, IL 60181).",Elmhurst,1723620,best,"Best town after the office town among towns with more than half their land in the district and more than 5,000 people, by land share × population (88% of its land × 45,786 people = 40,511)."
senate,24,Seth Lewis,"994 W. Army Trail Road, Carol Stream, IL 60188",Carol Stream,in district,Carol Stream,1711332,office,"The member's district office is here (994 W. Army Trail Road, Carol Stream, IL 60188).",Wheaton,1781048,best,"Best town after the office town among towns with more than half their land in the district and more than 5,000 people, by land share × population (84% of its land × 53,970 people = 45,491)."
senate,25,Karina Villa,"946 N. Neltnor Blvd. Suite 104, West Chicago, IL 60185",West Chicago,in district,West Chicago,1780060,office,"The member's district office is here (946 N. Neltnor Blvd. Suite 104, West Chicago, IL 60185).",Bartlett,1704013,best,"Best town after the office town among towns with more than half their land in the district and more than 5,000 people, by land share × population (96% of its land × 41,105 people = 39,268)."
senate,26,Darby Hills,"795 Ela Road, Suite 208, Lake Zurich, IL 60047",Lake Zurich,in district,Lake Zurich,1741742,office,"The member's district office is here (795 Ela Road, Suite 208, Lake Zurich, IL 60047).",Palatine,1757225,best,"Best town after the office town among towns with more than half their land in the district and more than 5,000 people, by land share × population (67% of its land × 67,908 people = 45,458)."
senate,27,Mark Walker,"171 W. Wing St. Suite 202, Arlington Heights, IL 60005",Arlington Heights,in district,Arlington Heights,1702154,office,"The member's district office is here (171 W. Wing St. Suite 202, Arlington Heights, IL 60005).",Mount Prospect,1751089,best,"Best town after the office town among towns with more than half their land in the district and more than 5,000 people, by land share × population (80% of its land × 56,852 people = 45,260)."
senate,28,Laura Murphy,"1645 S. River Road, Suite 7, Des Plaines, IL 60018",Des Plaines,in district,Des Plaines,1719642,office,"The member's district office is here (1645 S. River Road, Suite 7, Des Plaines, IL 60018).",Schaumburg,1768003,best,"Best town after the office town among towns with more than half their land in the district and more than 5,000 people, by land share × population (68% of its land × 78,723 people = 53,721)."
senate,29,Julie Morrison,"400 Lake Cook Road Suite 100B, Deerfield, IL 60015",Deerfield,in district,Deerfield,1718992,office,"The member's district office is here (400 Lake Cook Road Suite 100B, Deerfield, IL 60015).",Wheeling,1781087,best,"Best town after the office town among towns with more than half their land in the district and more than 5,000 people, by land share × population (77% of its land × 39,137 people = 30,214)."
senate,30,Adriane Johnson,"149 S. Genesee St., Waukegan, IL 60085",Waukegan,in district,Waukegan,1779293,office,"The member's district office is here (149 S. Genesee St., Waukegan, IL 60085).",Buffalo Grove,1709447,best,"Best town after the office town among towns with more than half their land in the district and more than 5,000 people, by land share × population (75% of its land × 43,212 people = 32,530)."
senate,31,Mary Edly-Allen,"10 N. Lake St. Suite 112, Grayslake, IL 60030",Grayslake,in district,Grayslake,1731121,office,"The member's district office is here (10 N. Lake St. Suite 112, Grayslake, IL 60030).",Round Lake Beach,1766040,best,"Best town after the office town among towns with more than half their land in the district and more than 5,000 people, by land share × population (99% of its land × 27,252 people = 27,026)."
senate,32,Craig Wilcox,"209 N. Benton St., Woodstock, IL 60098",Woodstock,in district,Woodstock,1783349,office,"The member's district office is here (209 N. Benton St., Woodstock, IL 60098).",McHenry,1745694,best,"Best town after the office town among towns with more than half their land in the district and more than 5,000 people, by land share × population (100% of its land × 27,135 people = 27,135)."
senate,33,Don DeWitte,"641 S. 8th St., West Dundee, IL 60118",West Dundee,in district,West Dundee,1780125,office,"The member's district office is here (641 S. 8th St., West Dundee, IL 60118).",Elgin,1723074,best,"Best town after the office town among towns with more than half their land in the district and more than 5,000 people, by land share × population (51% of its land × 114,797 people = 59,086)."
senate,34,Steve Stadelman,"Zeke Giorgi Center 200 S. Wyman St., Suite 301, Rockford, IL 61101",Rockford,in district,Rockford,1765000,office,"The member's district office is here (Zeke Giorgi Center 200 S. Wyman St., Suite 301, Rockford, IL 61101).",Belvidere,1705092,best,"Best town after the office town among towns with more than half their land in the district and more than 5,000 people, by land share × population (97% of its land × 25,339 people = 24,472)."
senate,35,Dave Syverson,"527 Colman Center Drive, Cherry Valley, IL 61108",Cherry Valley,in district,Cherry Valley,1713074,office,"The member's district office is here (527 Colman Center Drive, Cherry Valley, IL 61108).",Huntley,1736750,best,"Best town after the office town among towns with more than half their land in the district and more than 5,000 people, by land share × population (100% of its land × 27,740 people = 27,740)."
senate,36,Mike Halpin,"County Office Building 1504 3rd Ave., 2nd Floor, Rock Island, IL 61201",Rock Island,in district,Rock Island,1765078,office,"The member's district office is here (County Office Building 1504 3rd Ave., 2nd Floor, Rock Island, IL 61201).",Moline,1749867,best,"Best town after the office town among towns with more than half their land in the district and more than 5,000 people, by land share × population (100% of its land × 42,985 people = 42,985)."
senate,37,Li Arellano,"86 S. Galena Ave. Suite 2, Dixon, IL 61021",Dixon,in district,Dixon,1720162,office,"The member's district office is here (86 S. Galena Ave. Suite 2, Dixon, IL 61021).",Sterling,1772546,best,"Best town after the office town among towns with more than half their land in the district and more than 5,000 people, by land share × population (100% of its land × 14,764 people = 14,764)."
senate,38,Sue Rezin,"350 5th St., Peru, IL 61354",Peru,in district,Peru,1759234,office,"The member's district office is here (350 5th St., Peru, IL 61354).",DeKalb,1719161,best,"Best town after the office town among towns with more than half their land in the district and more than 5,000 people, by land share × population (86% of its land × 40,290 people = 34,577)."
senate,39,Don Harmon,"6941 W. North Ave., Oak Park, IL 60302",Oak Park,in district,Oak Park,1754885,office,"The member's district office is here (6941 W. North Ave., Oak Park, IL 60302).",Elmwood Park,1723724,best,"Best town after the office town among towns with more than half their land in the district and more than 5,000 people, by land share × population (84% of its land × 24,521 people = 20,698)."
senate,40,Patrick Joyce,"195 W. Joe Orr Road Suite 201, Chicago Heights, IL 60411",Chicago Heights,in district,Chicago Heights,1714026,office,"The member's district office is here (195 W. Joe Orr Road Suite 201, Chicago Heights, IL 60411).",Kankakee,1738934,best,"Best town after the office town among towns with more than half their land in the district and more than 5,000 people, by land share × population (91% of its land × 24,052 people = 21,933)."
senate,41,John Curran,"6900 Main St. Suite 200, Downers Grove, IL 60516",Downers Grove,in district,Downers Grove,1720591,office,"The member's district office is here (6900 Main St. Suite 200, Downers Grove, IL 60516).",Woodridge,1783245,best,"Best town after the office town among towns with more than half their land in the district and more than 5,000 people, by land share × population (72% of its land × 34,158 people = 24,597)."
senate,42,Linda Holmes,"4255 Westbrook Drive Suite 216, Aurora, IL 60504",Aurora,in district,Aurora,1703012,office,"The member's district office is here (4255 Westbrook Drive Suite 216, Aurora, IL 60504).",Montgomery,1750218,best,"Best town after the office town among towns with more than half their land in the district and more than 5,000 people, by land share × population (100% of its land × 20,262 people = 20,262)."
senate,43,Rachel Ventura,"221 Springfield Ave. Unit 3, Joliet, IL 60435",Joliet,in district,Joliet,1738570,office,"The member's district office is here (221 Springfield Ave. Unit 3, Joliet, IL 60435).",Bolingbrook,1707133,best,"Best town after the office town among towns with more than half their land in the district and more than 5,000 people, by land share × population (51% of its land × 73,922 people = 37,338)."
senate,44,Sally Turner,"120 S. McLean St. Suite E, Lincoln, IL 62656",Lincoln,in district,Lincoln,1743536,office,"The member's district office is here (120 S. McLean St. Suite E, Lincoln, IL 62656).",Bloomington,1706613,best,"Best town after the office town among towns with more than half their land in the district and more than 5,000 people, by land share × population (51% of its land × 78,680 people = 40,072)."
senate,45,Andrew Chesney,"Stewart Centre 50 W. Douglas St., Suite 1001, Freeport, IL 61032",Freeport,in district,Freeport,1727884,office,"The member's district office is here (Stewart Centre 50 W. Douglas St., Suite 1001, Freeport, IL 61032).",Machesney Park,1745726,best,"Best town after the office town among towns with more than half their land in the district and more than 5,000 people, by land share × population (96% of its land × 22,950 people = 21,965)."
senate,46,Dave Koehler,"216 N. Center St., Bloomington, IL 61701",Bloomington,in district,Bloomington,1706613,office,"The member's district office is here (216 N. Center St., Bloomington, IL 61701).",Peoria,1759000,best,"Best town after the office town among towns with more than half their land in the district and more than 5,000 people, by land share × population (68% of its land × 113,150 people = 76,704)."
senate,47,Neil Anderson,"103 N. College Ave., #201, Aledo, IL 61231",Aledo,in district,Aledo,1700646,office,"The member's district office is here (103 N. College Ave., #201, Aledo, IL 61231).",Pekin,1758447,best,"Best town after the office town among towns with more than half their land in the district and more than 5,000 people, by land share × population (74% of its land × 31,731 people = 23,351)."
senate,48,Doris Turner,"725 N. Grand Ave. East, Springfield, IL 62702",Springfield,in district,Springfield,1772000,office,"The member's district office is here (725 N. Grand Ave. East, Springfield, IL 62702).",Decatur,1718823,best,"Best town after the office town among towns with more than half their land in the district and more than 5,000 people, by land share × population (63% of its land × 70,522 people = 44,760)."
senate,49,Meg Loughran Cappel,"20660 Caton Farm Road Unit D, Crest Hill, IL 60403",Crest Hill,in district,Crest Hill,1717458,office,"The member's district office is here (20660 Caton Farm Road Unit D, Crest Hill, IL 60403).",Plainfield,1760287,best,"Best town after the office town among towns with more than half their land in the district and more than 5,000 people, by land share × population (85% of its land × 44,762 people = 37,949)."
senate,50,Jil Tracy,"3601 E. Lake Centre Drive Suite 200, Quincy, IL 62305",Quincy,in district,Quincy,1762367,office,"The member's district office is here (3601 E. Lake Centre Drive Suite 200, Quincy, IL 62305).",Jacksonville,1738115,best,"Best town after the office town among towns with more than half their land in the district and more than 5,000 people, by land share × population (100% of its land × 17,616 people = 17,616)."
senate,51,Chapin Rose,"88 Broadway Ave. Suite 1, Mattoon, IL 61938",Mattoon,in district,Mattoon,1747553,office,"The member's district office is here (88 Broadway Ave. Suite 1, Mattoon, IL 61938).",Charleston,1712567,best,"Best town after the office town among towns with more than half their land in the district and more than 5,000 people, by land share × population (100% of its land × 17,286 people = 17,286)."
senate,52,Paul Faraci,"45 E. University Ave. Suite 206, Champaign, IL 61820",Champaign,in district,Champaign,1712385,office,"The member's district office is here (45 E. University Ave. Suite 206, Champaign, IL 61820).",Urbana,1777005,best,"Best town after the office town among towns with more than half their land in the district and more than 5,000 people, by land share × population (100% of its land × 38,336 people = 38,336)."
senate,53,Chris Balkema,"305 W. Madison St., Pontiac, IL 61764",Pontiac,in district,Pontiac,1761015,office,"The member's district office is here (305 W. Madison St., Pontiac, IL 61764).",Washington,1779033,best,"Best town after the office town among towns with more than half their land in the district and more than 5,000 people, by land share × population (84% of its land × 16,071 people = 13,459)."
senate,54,Steve McClure,"410 N. Monroe St. Suite 200, Litchfield, IL 62056",Litchfield,in district,Litchfield,1743965,office,"The member's district office is here (410 N. Monroe St. Suite 200, Litchfield, IL 62056).",Effingham,1722736,best,"Best town after the office town among towns with more than half their land in the district and more than 5,000 people, by land share × population (100% of its land × 12,252 people = 12,252)."
senate,55,Jason Plummer,"310 W. Gallatin St., Vandalia, IL 62471",Vandalia,in district,Vandalia,1777317,office,"The member's district office is here (310 W. Gallatin St., Vandalia, IL 62471).",Centralia,1712164,best,"Best town after the office town among towns with more than half their land in the district and more than 5,000 people, by land share × population (98% of its land × 12,182 people = 11,953)."
senate,56,Erica Harriss,"120 N. Main St. Suite 1B, Edwardsville, IL 62025",Edwardsville,in district,Edwardsville,1722697,office,"The member's district office is here (120 N. Main St. Suite 1B, Edwardsville, IL 62025).",Granite City,1730926,best,"Best town after the office town among towns with more than half their land in the district and more than 5,000 people, by land share × population (100% of its land × 27,549 people = 27,549)."
senate,57,Christopher Belt,"Kenneth Hall Regional Office Building, 10 Collinsville Ave. Suite 201A, East St. Louis, IL 62201",East St. Louis,in district,East St. Louis,1722255,office,"The member's district office is here (Kenneth Hall Regional Office Building, 10 Collinsville Ave. Suite 201A, East St. Louis, IL 62201).",Belleville,1704845,best,"Best town after the office town among towns with more than half their land in the district and more than 5,000 people, by land share × population (100% of its land × 42,404 people = 42,404)."
senate,58,Terri Bryant,"2929 Broadway St. Suite 3, Mount Vernon, IL 62864",Mount Vernon,in district,Mount Vernon,1751180,office,"The member's district office is here (2929 Broadway St. Suite 3, Mount Vernon, IL 62864).",Waterloo,1779150,best,"Best town after the office town among towns with more than half their land in the district and more than 5,000 people, by land share × population (100% of its land × 11,013 people = 11,013)."
senate,59,Paul Jacobs,"600 Halfway Road Suite 103, Marion, IL 62959",Marion,in district,Marion,1746916,office,"The member's district office is here (600 Halfway Road Suite 103, Marion, IL 62959).",Carbondale,1711163,best,"Best town after the office town among towns with more than half their land in the district and more than 5,000 people, by land share × population (100% of its land × 21,857 people = 21,857)."
house,1,Aarón Ortíz,"4374 S. Archer Ave., Chicago, IL 60632",Chicago,in district,Chicago,1714000,office,"The member's district office is here (4374 S. Archer Ave., Chicago, IL 60632).",Forest View,1726987,best,"Best town after the office town by land share × population (100% of its land × 792 people = 792). No remaining town has more than half its land in the district and more than 5,000 people."
house,2,Lisa Hernandez,"6117 W. Cermak Road, Cicero, IL 60804",Cicero,in district,Cicero,1714351,office,"The member's district office is here (6117 W. Cermak Road, Cicero, IL 60804).",Brookfield,1708576,best,"Best town after the office town among towns with more than half their land in the district and more than 5,000 people, by land share × population (67% of its land × 19,476 people = 13,002)."
house,3,Eva-Dina Delgado,"6309 W. Belmont Ave., Chicago, IL 60634",Chicago,in district,Chicago,1714000,office,"The member's district office is here (6309 W. Belmont Ave., Chicago, IL 60634).",,,,
house,4,Lilian Jiménez,"2511 W. Division St., Chicago, IL 60622",Chicago,in district,Chicago,1714000,office,"The member's district office is here (2511 W. Division St., Chicago, IL 60622).",,,,
house,5,Kimberly Du Buclet,"5048 S. Indiana Ave., Chicago, IL 60615",Chicago,in district,Chicago,1714000,office,"The member's district office is here (5048 S. Indiana Ave., Chicago, IL 60615).",,,,
house,6,Sonya Harper,"2015 W. 63rd St., Chicago, IL 60636",Chicago,in district,Chicago,1714000,office,"The member's district office is here (2015 W. 63rd St., Chicago, IL 60636).",,,,
house,7,Chris Welch,"10055 W. Roosevelt Road Suite E, Westchester, IL 60154",Westchester,in district,Westchester,1780047,office,"The member's district office is here (10055 W. Roosevelt Road Suite E, Westchester, IL 60154).",Maywood,1747774,best,"Best town after the office town among towns with more than half their land in the district and more than 5,000 people, by land share × population (100% of its land × 23,512 people = 23,512)."
house,8,La Shawn Ford,"5500 W. Madison St., Chicago, IL 60644",Chicago,in district,Chicago,1714000,office,"The member's district office is here (5500 W. Madison St., Chicago, IL 60644).",La Grange,1740767,best,"Best town after the office town among towns with more than half their land in the district and more than 5,000 people, by land share × population (80% of its land × 16,321 people = 13,039)."
house,9,Yolonda Morris,"3849 W. Ogden Ave., Chicago, IL 60623",Chicago,in district,Chicago,1714000,office,"The member's district office is here (3849 W. Ogden Ave., Chicago, IL 60623).",,,,
house,10,Omar Williams,"2532 W. Warren Blvd. Suite A, Chicago, IL 60612",Chicago,in district,Chicago,1714000,office,"The member's district office is here (2532 W. Warren Blvd. Suite A, Chicago, IL 60612).",,,,
house,11,Ann Williams,"3505 N. Ashland Ave. Unit B, Chicago, IL 60657",Chicago,in district,Chicago,1714000,office,"The member's district office is here (3505 N. Ashland Ave. Unit B, Chicago, IL 60657).",,,,
house,12,Margaret Croke,"3223 N. Sheffield Ave. Suite A, Chicago, IL 60657",Chicago,in district,Chicago,1714000,office,"The member's district office is here (3223 N. Sheffield Ave. Suite A, Chicago, IL 60657).",,,,
house,13,Hoan Huynh,"5025 N. Broadway St., First Floor, Chicago, IL 60640",Chicago,in district,Chicago,1714000,office,"The member's district office is here (5025 N. Broadway St., First Floor, Chicago, IL 60640).",,,,
house,14,Kelly Cassidy,"1507 W. Morse Ave., Chicago, IL 60626",Chicago,in district,Chicago,1714000,office,"The member's district office is here (1507 W. Morse Ave., Chicago, IL 60626).",,,,
house,15,Michael Kelly,"4200 W. Lawrence Ave., Chicago, IL 60630",Chicago,in district,Chicago,1714000,office,"The member's district office is here (4200 W. Lawrence Ave., Chicago, IL 60630).",Niles,1753000,best,"Best town after the office town among towns with more than half their land in the district and more than 5,000 people, by land share × population (83% of its land × 30,912 people = 25,734)."
house,16,Kevin Olickal,"3851 W. Devon Ave., Chicago, IL 60659",Chicago,in district,Chicago,1714000,office,"The member's district office is here (3851 W. Devon Ave., Chicago, IL 60659).",Lincolnwood,1743744,best,"Best town after the office town among towns with more than half their land in the district and more than 5,000 people, by land share × population (100% of its land × 13,463 people = 13,463)."
house,17,Jen Gong-Gershowitz,"1812 Waukegan Road Suite B, Glenview, IL 60025",Glenview,in district,Glenview,1729938,office,"The member's district office is here (1812 Waukegan Road Suite B, Glenview, IL 60025).",Skokie,1770122,best,"Best town after the office town by land share × population (50% of its land × 67,824 people = 33,817). No remaining town has more than half its land in the district and more than 5,000 people."
house,18,Robyn Gabel,"909 Davis St. 2nd Floor, Evanston, IL 60201",Evanston,in district,Evanston,1724582,office,"The member's district office is here (909 Davis St. 2nd Floor, Evanston, IL 60201).",Wilmette,1782075,best,"Best town after the office town among towns with more than half their land in the district and more than 5,000 people, by land share × population (51% of its land × 28,170 people = 14,367)."
house,19,Lindsey LaPointe,"4349 N. Milwaukee Ave. Suite 2, Chicago, IL 60641",Chicago,in district,Chicago,1714000,office,"The member's district office is here (4349 N. Milwaukee Ave. Suite 2, Chicago, IL 60641).",Harwood Heights,1733435,best,"Best town after the office town by land share × population (39% of its land × 9,065 people = 3,546). No remaining town has more than half its land in the district and more than 5,000 people."
house,20,Brad Stephens,"8323 W. Lawrence Ave. Suite D, Norridge, IL 60706",Norridge,in district,Norridge,1753377,office,"The member's district office is here (8323 W. Lawrence Ave. Suite D, Norridge, IL 60706).",Schiller Park,1768081,best,"Best town after the office town among towns with more than half their land in the district and more than 5,000 people, by land share × population (100% of its land × 11,709 people = 11,709)."
house,21,Abdelnasser Rashid,"6901 W. Cermak Road, Berwyn, IL 60402",Berwyn,in district,Berwyn,1705573,office,"The member's district office is here (6901 W. Cermak Road, Berwyn, IL 60402).",Summit,1773638,best,"Best town after the office town among towns with more than half their land in the district and more than 5,000 people, by land share × population (100% of its land × 11,161 people = 11,114)."
house,22,Angie Guerrero-Cuellar,"6500 S. Pulaski Road, Chicago, IL 60629",Chicago,in district,Chicago,1714000,office,"The member's district office is here (6500 S. Pulaski Road, Chicago, IL 60629).",Burbank,1709642,best,"Best town after the office town among towns with more than half their land in the district and more than 5,000 people, by land share × population (58% of its land × 29,439 people = 17,125)."
house,23,Edgar González,"3202 W. 26th St., Chicago, IL 60623",Chicago,in district,Chicago,1714000,office,"The member's district office is here (3202 W. 26th St., Chicago, IL 60623).",Cicero,1714351,best,"Best town after the office town by land share × population (13% of its land × 85,268 people = 11,477). No remaining town has more than half its land in the district and more than 5,000 people."
house,24,Theresa Mah,"2108 W. 35th St., Chicago, IL 60609",Chicago,in district,Chicago,1714000,office,"The member's district office is here (2108 W. 35th St., Chicago, IL 60609).",,,,
house,25,Curtis Tarver,"1303 E. 53rd St., Chicago, IL 60615",Chicago,in district,Chicago,1714000,office,"The member's district office is here (1303 E. 53rd St., Chicago, IL 60615).",,,,
house,26,Kam Buckner,"449 E. 35th St., Chicago, IL 60616",Chicago,in district,Chicago,1714000,office,"The member's district office is here (449 E. 35th St., Chicago, IL 60616).",,,,
house,27,Justin Slaughter,"1234 W. 95th St., Chicago, IL 60643",Chicago,in district,Chicago,1714000,office,"The member's district office is here (1234 W. 95th St., Chicago, IL 60643).",Crestwood,1717497,best,"Best town after the office town among towns with more than half their land in the district and more than 5,000 people, by land share × population (54% of its land × 10,826 people = 5,853)."
house,28,Bob Rita,"2355 W. York St. Suite 1, Blue Island, IL 60406",Blue Island,in district,Blue Island,1706704,office,"The member's district office is here (2355 W. York St. Suite 1, Blue Island, IL 60406).",Riverdale,1764278,best,"Best town after the office town among towns with more than half their land in the district and more than 5,000 people, by land share × population (99% of its land × 10,663 people = 10,537)."
house,29,Thaddeus Jones,"15525 S. Park Ave. Suite 104, South Holland, IL 60473",South Holland,in district,South Holland,1770850,office,"The member's district office is here (15525 S. Park Ave. Suite 104, South Holland, IL 60473).",Dolton,1720292,best,"Best town after the office town among towns with more than half their land in the district and more than 5,000 people, by land share × population (53% of its land × 21,426 people = 11,351)."
house,30,Will Davis,"1912 W. 174th St., East Hazel Crest, IL 60429",East Hazel Crest,in district,East Hazel Crest,1721904,office,"The member's district office is here (1912 W. 174th St., East Hazel Crest, IL 60429).",Harvey,1733383,best,"Best town after the office town among towns with more than half their land in the district and more than 5,000 people, by land share × population (100% of its land × 20,324 people = 20,324)."
house,31,Mike Crawford,"8620 S. Pulaski Road, Chicago, IL 60652",Chicago,in district,Chicago,1714000,office,"The member's district office is here (8620 S. Pulaski Road, Chicago, IL 60652).",Hickory Hills,1734514,best,"Best town after the office town among towns with more than half their land in the district and more than 5,000 people, by land share × population (70% of its land × 14,505 people = 10,217)."
house,32,Lisa Davis,"8620 S. Pulaski Road, Chicago, IL 60652",Chicago,in district,Chicago,1714000,office,"The member's district office is here (8620 S. Pulaski Road, Chicago, IL 60652).",Burbank,1709642,best,"Best town after the office town by land share × population (42% of its land × 29,439 people = 12,314). No remaining town has more than half its land in the district and more than 5,000 people."
house,33,Marcus Evans,"8500 S. Stony Island Ave., Chicago, IL 60617",Chicago,in district,Chicago,1714000,office,"The member's district office is here (8500 S. Stony Island Ave., Chicago, IL 60617).",Lansing,1742028,best,"Best town after the office town among towns with more than half their land in the district and more than 5,000 people, by land share × population (63% of its land × 29,076 people = 18,356)."
house,34,Nick Smith,"113 E. 95th St. Suite A, Chicago, IL 60619",Chicago,in district,Chicago,1714000,office,"The member's district office is here (113 E. 95th St. Suite A, Chicago, IL 60619).",Lynwood,1745421,best,"Best town after the office town among towns with more than half their land in the district and more than 5,000 people, by land share × population (78% of its land × 9,116 people = 7,120)."
house,35,Mary Gill,"10400 S. Western Ave., Chicago, IL 60643",Chicago,in district,Chicago,1714000,office,"The member's district office is here (10400 S. Western Ave., Chicago, IL 60643).",Alsip,1701010,best,"Best town after the office town among towns with more than half their land in the district and more than 5,000 people, by land share × population (76% of its land × 19,063 people = 14,393)."
house,36,Rick Ryan,"3900 W. 95th St. Unit 7A, Evergreen Park, IL 60805",Evergreen Park,in district,Evergreen Park,1724634,office,"The member's district office is here (3900 W. 95th St. Unit 7A, Evergreen Park, IL 60805).",Oak Lawn,1754820,best,"Best town after the office town among towns with more than half their land in the district and more than 5,000 people, by land share × population (68% of its land × 58,362 people = 39,464)."
house,37,Patrick Sheehan,"15746 S. Bell Road, Homer Glen, IL 60491",Homer Glen,in district,Homer Glen,1735835,office,"The member's district office is here (15746 S. Bell Road, Homer Glen, IL 60491).",Mokena,1749854,best,"Best town after the office town among towns with more than half their land in the district and more than 5,000 people, by land share × population (92% of its land × 19,887 people = 18,260)."
house,38,Debbie Meyers-Martin,"813 School Ave., Matteson, IL 60443",Matteson,in district,Matteson,1747540,office,"The member's district office is here (813 School Ave., Matteson, IL 60443).",Country Club Hills,1716691,best,"Best town after the office town among towns with more than half their land in the district and more than 5,000 people, by land share × population (100% of its land × 16,775 people = 16,772)."
house,39,Will Guzzardi,"3001 N. Central Park Ave., Chicago, IL 60618",Chicago,in district,Chicago,1714000,office,"The member's district office is here (3001 N. Central Park Ave., Chicago, IL 60618).",,,,
house,40,Jaime Andrade,"4007 N. Sacramento Ave., Chicago, IL 60618",Chicago,in district,Chicago,1714000,office,"The member's district office is here (4007 N. Sacramento Ave., Chicago, IL 60618).",,,,
house,41,Janet Yang Rohr,"475 River Bend Road Suite 500, Naperville, IL 60540",Naperville,in district,Naperville,1751622,office,"The member's district office is here (475 River Bend Road Suite 500, Naperville, IL 60540).",Bolingbrook,1707133,best,"Best town after the office town by land share × population (6% of its land × 73,922 people = 4,317). No remaining town has more than half its land in the district and more than 5,000 people."
house,42,Margaret DeLaRosa,"Room 253-S, Stratton Office Building, Springfield, IL 62706",Springfield,capitol office,Lombard,1744407,best,"The only office listed is a Springfield capitol office, not a district office, so the sheet shows the two best towns. Best town among towns with more than half their land in the district and more than 5,000 people, by land share × population (80% of its land × 44,476 people = 35,465).",Glen Ellyn,1729756,best,"Second-best town among towns with more than half their land in the district and more than 5,000 people, by land share × population (93% of its land × 28,846 people = 26,772)."
house,43,Anna Moeller,"164 Division St. Suite 103, Elgin, IL 60120",Elgin,in district,Elgin,1723074,office,"The member's district office is here (164 Division St. Suite 103, Elgin, IL 60120).",Carpentersville,1711358,best,"Best town after the office town by land share × population (31% of its land × 37,983 people = 11,695). No remaining town has more than half its land in the district and more than 5,000 people."
house,44,Fred Crespo,"1014 E. Schaumburg Road, Streamwood, IL 60107",Streamwood,in district,Streamwood,1773157,office,"The member's district office is here (1014 E. Schaumburg Road, Streamwood, IL 60107).",Hoffman Estates,1735411,best,"Best town after the office town by land share × population (49% of its land × 52,530 people = 25,845). No remaining town has more than half its land in the district and more than 5,000 people."
house,45,Marti Deuter,"1 S. Cass Ave. Suite 104, Westmont, IL 60559",Westmont,in district,Westmont,1780645,office,"The member's district office is here (1 S. Cass Ave. Suite 104, Westmont, IL 60559).",Elmhurst,1723620,best,"Best town after the office town among towns with more than half their land in the district and more than 5,000 people, by land share × population (83% of its land × 45,786 people = 37,801)."
house,46,Diane Blair-Sherlock,"28 Villa Ave., Villa Park, IL 60148",Villa Park,in district,Villa Park,1777993,office,"The member's district office is here (28 Villa Ave., Villa Park, IL 60148).",Glendale Heights,1729730,best,"Best town after the office town among towns with more than half their land in the district and more than 5,000 people, by land share × population (100% of its land × 33,176 people = 33,176)."
house,47,Amy Grant,"416 E. Roosevelt Road Suite 104, Wheaton, IL 60187",Wheaton,in district,Wheaton,1781048,office,"The member's district office is here (416 E. Roosevelt Road Suite 104, Wheaton, IL 60187).",Carol Stream,1711332,best,"Best town after the office town among towns with more than half their land in the district and more than 5,000 people, by land share × population (60% of its land × 39,854 people = 23,936)."
house,48,Jennifer Sanalitro,"994 W. Army Trail Road, Carol Stream, IL 60188",Carol Stream,in district,Carol Stream,1711332,office,"The member's district office is here (994 W. Army Trail Road, Carol Stream, IL 60188).",Roselle,1765806,best,"Best town after the office town among towns with more than half their land in the district and more than 5,000 people, by land share × population (94% of its land × 22,897 people = 21,482)."
house,49,Maura Hirschauer,"946 Neltnor Blvd. #104, West Chicago, IL 60185",West Chicago,in district,West Chicago,1780060,office,"The member's district office is here (946 Neltnor Blvd. #104, West Chicago, IL 60185).",Bartlett,1704013,best,"Best town after the office town among towns with more than half their land in the district and more than 5,000 people, by land share × population (96% of its land × 41,105 people = 39,268)."
house,50,Barbara Hernandez,"1 E. Benton St., Suite 101, Aurora, IL 60505",Aurora,in district,Aurora,1703012,office,"The member's district office is here (1 E. Benton St., Suite 101, Aurora, IL 60505).",North Aurora,1753442,best,"Best town after the office town among towns with more than half their land in the district and more than 5,000 people, by land share × population (59% of its land × 18,261 people = 10,790)."
house,51,Nabeela Syed,"1252 W. NW Highway, Palatine, IL 60067",Palatine,in district,Palatine,1757225,office,"The member's district office is here (1252 W. NW Highway, Palatine, IL 60067).",Lake Zurich,1741742,best,"Best town after the office town among towns with more than half their land in the district and more than 5,000 people, by land share × population (100% of its land × 19,759 people = 19,759)."
house,52,Marty McLaughlin,"28662 W. NW Highway Suite A, Lake Barrington, IL 60010",Lake Barrington,in district,Lake Barrington,1740884,office,"The member's district office is here (28662 W. NW Highway Suite A, Lake Barrington, IL 60010).",Mundelein,1751349,best,"Best town after the office town among towns with more than half their land in the district and more than 5,000 people, by land share × population (63% of its land × 31,560 people = 19,744)."
house,53,Nicolle Grasse,"171 W. Wing St. Suite 202, Arlington Heights, IL 60005",Arlington Heights,in district,Arlington Heights,1702154,office,"The member's district office is here (171 W. Wing St. Suite 202, Arlington Heights, IL 60005).",Mount Prospect,1751089,best,"Best town after the office town among towns with more than half their land in the district and more than 5,000 people, by land share × population (69% of its land × 56,852 people = 39,154)."
house,54,Mary Beth Canty,"12 E. NW Highway, Arlington Heights, IL 60004",Arlington Heights,in district,Arlington Heights,1702154,office,"The member's district office is here (12 E. NW Highway, Arlington Heights, IL 60004).",Prospect Heights,1762016,best,"Best town after the office town among towns with more than half their land in the district and more than 5,000 people, by land share × population (58% of its land × 16,058 people = 9,336)."
house,55,Justin Cochran,"Room 233-E, Stratton Office Building, Springfield, IL 62706",Springfield,capitol office,Park Ridge,1757875,best,"The only office listed is a Springfield capitol office, not a district office, so the sheet shows the two best towns. Best town among towns with more than half their land in the district and more than 5,000 people, by land share × population (93% of its land × 39,656 people = 36,817).",Des Plaines,1719642,best,"Second-best town by land share × population (28% of its land × 60,675 people = 17,274). No remaining town has more than half its land in the district and more than 5,000 people."
house,56,Michelle Mussman,"11 N. Roselle Road, Schaumburg, IL 60194",Schaumburg,in district,Schaumburg,1768003,office,"The member's district office is here (11 N. Roselle Road, Schaumburg, IL 60194).",Des Plaines,1719642,best,"Best town after the office town among towns with more than half their land in the district and more than 5,000 people, by land share × population (53% of its land × 60,675 people = 32,042)."
house,57,Tracy Katz Muhl,"3153 Dundee Road, Northbrook, IL 60062",Northbrook,in district,Northbrook,1753481,office,"The member's district office is here (3153 Dundee Road, Northbrook, IL 60062).",Wheeling,1781087,best,"Best town after the office town among towns with more than half their land in the district and more than 5,000 people, by land share × population (77% of its land × 39,137 people = 30,214)."
house,58,Bob Morgan,"425 Sheridan Road, Highwood, IL 60040",Highwood,in district,Highwood,1734865,office,"The member's district office is here (425 Sheridan Road, Highwood, IL 60040).",Highland Park,1734722,best,"Best town after the office town among towns with more than half their land in the district and more than 5,000 people, by land share × population (100% of its land × 30,176 people = 30,176)."
house,59,Dan Didech,"Vernon Township Administrative Building 3050 N. Main St., Buffalo Grove, IL 60089",Buffalo Grove,in district,Buffalo Grove,1709447,office,"The member's district office is here (Vernon Township Administrative Building 3050 N. Main St., Buffalo Grove, IL 60089).",Vernon Hills,1777694,best,"Best town after the office town among towns with more than half their land in the district and more than 5,000 people, by land share × population (97% of its land × 26,850 people = 26,002)."
house,60,Rita Mayfield,"120 S. Genesee St., Waukegan, IL 60085",Waukegan,in district,Waukegan,1779293,office,"The member's district office is here (120 S. Genesee St., Waukegan, IL 60085).",North Chicago,1753559,best,"Best town after the office town among towns with more than half their land in the district and more than 5,000 people, by land share × population (61% of its land × 30,759 people = 18,803)."
house,61,Joyce Mason,"34121 N. U.S. Highway 45 Suite 12, Grayslake, IL 60030",Grayslake,in district,Grayslake,1731121,office,"The member's district office is here (34121 N. U.S. Highway 45 Suite 12, Grayslake, IL 60030).",Zion,1784220,best,"Best town after the office town among towns with more than half their land in the district and more than 5,000 people, by land share × population (100% of its land × 24,655 people = 24,655)."
house,62,Laura Faver Dias,"10 N. Lake St. Suite 102, Grayslake, IL 60030",Grayslake,in district,Grayslake,1731121,office,"The member's district office is here (10 N. Lake St. Suite 102, Grayslake, IL 60030).",Round Lake Beach,1766040,best,"Best town after the office town among towns with more than half their land in the district and more than 5,000 people, by land share × population (99% of its land × 27,252 people = 27,026)."
house,63,Steve Reick,"1072 Lake Ave., Woodstock, IL 60098",Woodstock,in district,Woodstock,1783349,office,"The member's district office is here (1072 Lake Ave., Woodstock, IL 60098).",Cary,1711592,best,"Best town after the office town among towns with more than half their land in the district and more than 5,000 people, by land share × population (100% of its land × 17,826 people = 17,826)."
house,64,Tom Weber,"74 E. Grand Ave. Suite 104, Fox Lake, IL 60020",Fox Lake,in district,Fox Lake,1727442,office,"The member's district office is here (74 E. Grand Ave. Suite 104, Fox Lake, IL 60020).",Antioch,1701595,best,"Best town after the office town among towns with more than half their land in the district and more than 5,000 people, by land share × population (94% of its land × 14,622 people = 13,743)."
house,65,Dan Ugaste,"406 Surrey Woods Drive Unit A, St. Charles, IL 60174",St. Charles,in district,St. Charles,1766703,office,"The member's district office is here (406 Surrey Woods Drive Unit A, St. Charles, IL 60174).",South Elgin,1770720,best,"Best town after the office town among towns with more than half their land in the district and more than 5,000 people, by land share × population (85% of its land × 23,865 people = 20,276)."
house,66,Suzanne Ness,"611 E. Main St. Unit 124, East Dundee, IL 60118",East Dundee,in district,East Dundee,1721696,office,"The member's district office is here (611 E. Main St. Unit 124, East Dundee, IL 60118).",Carpentersville,1711358,best,"Best town after the office town among towns with more than half their land in the district and more than 5,000 people, by land share × population (68% of its land × 37,983 people = 25,984)."
house,67,Maurice West,"303 N. Main St. Suite 110, Rockford, IL 61101",Rockford,in district,Rockford,1765000,office,"The member's district office is here (303 N. Main St. Suite 110, Rockford, IL 61101).",Loves Park,1745031,best,"Best town after the office town by land share × population (33% of its land × 23,397 people = 7,798). No remaining town has more than half its land in the district and more than 5,000 people."
house,68,Dave Vella,"4007 N. Mulford Road, Loves Park, IL 61111",Loves Park,in district,Loves Park,1745031,office,"The member's district office is here (4007 N. Mulford Road, Loves Park, IL 61111).",Belvidere,1705092,best,"Best town after the office town among towns with more than half their land in the district and more than 5,000 people, by land share × population (97% of its land × 25,339 people = 24,472)."
house,69,Joe Sosnowski,"1700 Hutchins Road Unit B, Machesney Park, IL 61115",Machesney Park,outside district,Huntley,1736750,best,"The district office, in Machesney Park, is outside the district, so the sheet shows the two best towns. Best town among towns with more than half their land in the district and more than 5,000 people, by land share × population (56% of its land × 27,740 people = 15,429).",Harvard,1733331,best,"Second-best town among towns with more than half their land in the district and more than 5,000 people, by land share × population (100% of its land × 9,469 people = 9,469)."
house,70,Jeff Keicher,"158 W. State St. Suite C, Sycamore, IL 60178",Sycamore,in district,Sycamore,1774223,office,"The member's district office is here (158 W. State St. Suite C, Sycamore, IL 60178).",Pingree Grove,1759988,best,"Best town after the office town among towns with more than half their land in the district and more than 5,000 people, by land share × population (98% of its land × 10,365 people = 10,133)."
house,71,Dan Swanson,,,none listed,Galesburg,1728326,best,"No district office address is listed, so the sheet shows the two best towns. Best town among towns with more than half their land in the district and more than 5,000 people, by land share × population (100% of its land × 30,052 people = 30,052).",Macomb,1745889,best,"Second-best town among towns with more than half their land in the district and more than 5,000 people, by land share × population (85% of its land × 15,051 people = 12,739)."
house,72,Gregg Johnson,"945 15th Ave., East Moline, IL 61244",East Moline,in district,East Moline,1722073,office,"The member's district office is here (945 15th Ave., East Moline, IL 61244).",Rock Island,1765078,best,"Best town after the office town among towns with more than half their land in the district and more than 5,000 people, by land share × population (100% of its land × 37,108 people = 37,108)."
house,73,Ryan Spain,"5407 N. University St., Arbor Hall Suite B, Peoria, IL 61614",Peoria,in district,Peoria,1759000,office,"The member's district office is here (5407 N. University St., Arbor Hall Suite B, Peoria, IL 61614).",Princeton,1761899,best,"Best town after the office town among towns with more than half their land in the district and more than 5,000 people, by land share × population (100% of its land × 7,832 people = 7,832)."
house,74,Brad Fritts,"101 W. 1st St., Suite 501, Dixon, IL 61021",Dixon,in district,Dixon,1720162,office,"The member's district office is here (101 W. 1st St., Suite 501, Dixon, IL 61021).",Sterling,1772546,best,"Best town after the office town among towns with more than half their land in the district and more than 5,000 people, by land share × population (100% of its land × 14,764 people = 14,764)."
house,75,Jed Davis,"1925 S. Bridge St., Yorkville, IL 60560",Yorkville,in district,Yorkville,1784038,office,"The member's district office is here (1925 S. Bridge St., Yorkville, IL 60560).",Oswego,1756887,best,"Best town after the office town among towns with more than half their land in the district and more than 5,000 people, by land share × population (53% of its land × 34,585 people = 18,320)."
house,76,Murri Briel,"628 Columbus St. Suite 408, Ottawa, IL 61350",Ottawa,in district,Ottawa,1756926,office,"The member's district office is here (628 Columbus St. Suite 408, Ottawa, IL 61350).",DeKalb,1719161,best,"Best town after the office town among towns with more than half their land in the district and more than 5,000 people, by land share × population (86% of its land × 40,290 people = 34,577)."
house,77,Norma Hernandez,"125 N. 19th Ave. Suite B, Melrose Park, IL 60160",Melrose Park,in district,Melrose Park,1748242,office,"The member's district office is here (125 N. 19th Ave. Suite B, Melrose Park, IL 60160).",Bensenville,1705248,best,"Best town after the office town among towns with more than half their land in the district and more than 5,000 people, by land share × population (94% of its land × 18,813 people = 17,639)."
house,78,Camille Lilly,"6937 W. North Ave., Oak Park, IL 60302",Oak Park,in district,Oak Park,1754885,office,"The member's district office is here (6937 W. North Ave., Oak Park, IL 60302).",Elmwood Park,1723724,best,"Best town after the office town among towns with more than half their land in the district and more than 5,000 people, by land share × population (55% of its land × 24,521 people = 13,474)."
house,79,Jackie Haas,"Clock Tower Building 187 S. Schuyler Ave., Suite 110, Kankakee, IL 60901",Kankakee,in district,Kankakee,1738934,office,"The member's district office is here (Clock Tower Building 187 S. Schuyler Ave., Suite 110, Kankakee, IL 60901).",Bourbonnais,1707471,best,"Best town after the office town among towns with more than half their land in the district and more than 5,000 people, by land share × population (97% of its land × 18,164 people = 17,694)."
house,80,Anthony DeLuca,"195 W. Joe Orr Road Suite 201, Chicago Heights, IL 60411",Chicago Heights,in district,Chicago Heights,1714026,office,"The member's district office is here (195 W. Joe Orr Road Suite 201, Chicago Heights, IL 60411).",Park Forest,1757732,best,"Best town after the office town among towns with more than half their land in the district and more than 5,000 people, by land share × population (54% of its land × 21,687 people = 11,652)."
house,81,Anne Stava,"633 Rogers St. Suite 110, Downers Grove, IL 60515",Downers Grove,in district,Downers Grove,1720591,office,"The member's district office is here (633 Rogers St. Suite 110, Downers Grove, IL 60515).",Woodridge,1783245,best,"Best town after the office town among towns with more than half their land in the district and more than 5,000 people, by land share × population (61% of its land × 34,158 people = 20,778)."
house,82,Nicole La Ha,"12271 Walker Road, Lemont, IL 60439",Lemont,in district,Lemont,1742795,office,"The member's district office is here (12271 Walker Road, Lemont, IL 60439).",Darien,1718628,best,"Best town after the office town among towns with more than half their land in the district and more than 5,000 people, by land share × population (79% of its land × 22,011 people = 17,397)."
house,83,Matt Hanson,"1605 W. Wilson, Suite 112, Batavia, IL 60510",Batavia,in district,Batavia,1704078,office,"The member's district office is here (1605 W. Wilson, Suite 112, Batavia, IL 60510).",Montgomery,1750218,best,"Best town after the office town among towns with more than half their land in the district and more than 5,000 people, by land share × population (86% of its land × 20,262 people = 17,395)."
house,84,Stephanie Kifowit,"1677 Montgomery Road Suite 116, Aurora, IL 60504",Aurora,in district,Aurora,1703012,office,"The member's district office is here (1677 Montgomery Road Suite 116, Aurora, IL 60504).",Naperville,1751622,best,"Best town after the office town by land share × population (9% of its land × 149,540 people = 13,653). No remaining town has more than half its land in the district and more than 5,000 people."
house,85,Dee Avelar,"1050 W. Romeo Road, Romeoville, IL 60446",Romeoville,in district,Romeoville,1765442,office,"The member's district office is here (1050 W. Romeo Road, Romeoville, IL 60446).",Bolingbrook,1707133,best,"Best town after the office town among towns with more than half their land in the district and more than 5,000 people, by land share × population (51% of its land × 73,922 people = 37,338)."
house,86,Larry Walsh,"3141 W. Jefferson St., Joliet, IL 60435",Joliet,in district,Joliet,1738570,office,"The member's district office is here (3141 W. Jefferson St., Joliet, IL 60435).",Shorewood,1769758,best,"Best town after the office town among towns with more than half their land in the district and more than 5,000 people, by land share × population (67% of its land × 18,186 people = 12,239)."
house,87,Bill Hauter,"133 S. Main St. Suite A, Morton, IL 61550",Morton,in district,Morton,1750621,office,"The member's district office is here (133 S. Main St. Suite A, Morton, IL 61550).",Lincoln,1743536,best,"Best town after the office town among towns with more than half their land in the district and more than 5,000 people, by land share × population (100% of its land × 13,288 people = 13,288)."
house,88,Regan Deering,"419 E. Ash Ave., Decatur, IL 62526",Decatur,in district,Decatur,1718823,office,"The member's district office is here (419 E. Ash Ave., Decatur, IL 62526).",Bloomington,1706613,best,"Best town after the office town among towns with more than half their land in the district and more than 5,000 people, by land share × population (51% of its land × 78,680 people = 40,064)."
house,89,Tony McCombie,"9317B Illinois Route 84, Savanna, IL 61074",Savanna,in district,Savanna,1767821,office,"The member's district office is here (9317B Illinois Route 84, Savanna, IL 61074).",Genoa,1728898,best,"Best town after the office town among towns with more than half their land in the district and more than 5,000 people, by land share × population (100% of its land × 5,298 people = 5,298)."
house,90,John Cabello,"1700 Hutchins Road Unit B, Machesney Park, IL 61115",Machesney Park,in district,Machesney Park,1745726,office,"The member's district office is here (1700 Hutchins Road Unit B, Machesney Park, IL 61115).",Freeport,1727884,best,"Best town after the office town among towns with more than half their land in the district and more than 5,000 people, by land share × population (100% of its land × 23,973 people = 23,973)."
house,91,Sharon Chung,"216 N. Center St., Bloomington, IL 61701",Bloomington,in district,Bloomington,1706613,office,"The member's district office is here (216 N. Center St., Bloomington, IL 61701).",Normal,1753234,best,"Best town after the office town among towns with more than half their land in the district and more than 5,000 people, by land share × population (69% of its land × 52,736 people = 36,166)."
house,92,Jehan Gordon-Booth,"300 E. War Memorial Drive Suite 303, Peoria, IL 61614",Peoria,in district,Peoria,1759000,office,"The member's district office is here (300 E. War Memorial Drive Suite 303, Peoria, IL 61614).",Peoria Heights,1759026,best,"Best town after the office town among towns with more than half their land in the district and more than 5,000 people, by land share × population (93% of its land × 5,908 people = 5,520)."
house,93,Travis Weaver,"337 Court St., Pekin, IL 61554",Pekin,in district,Pekin,1758447,office,"The member's district office is here (337 Court St., Pekin, IL 61554).",Kewanee,1739727,best,"Best town after the office town among towns with more than half their land in the district and more than 5,000 people, by land share × population (100% of its land × 12,509 people = 12,509)."
house,94,Norine Hammond,"325 E. Washington St., Macomb, IL 61455",Macomb,in district,Macomb,1745889,office,"The member's district office is here (325 E. Washington St., Macomb, IL 61455).",Canton,1711007,best,"Best town after the office town among towns with more than half their land in the district and more than 5,000 people, by land share × population (92% of its land × 13,242 people = 12,168)."
house,95,Mike Coffey,,,none listed,Springfield,1772000,best,"No district office address is listed, so the sheet shows the two best towns. Best town among towns with more than half their land in the district and more than 5,000 people, by land share × population (77% of its land × 114,394 people = 88,472).",Chatham,1712684,best,"Second-best town among towns with more than half their land in the district and more than 5,000 people, by land share × population (76% of its land × 14,377 people = 10,893)."
house,96,Sue Scherer,"1353 E. Mound Road Suite 203, Decatur, IL 62526",Decatur,in district,Decatur,1718823,office,"The member's district office is here (1353 E. Mound Road Suite 203, Decatur, IL 62526).",Springfield,1772000,best,"Best town after the office town by land share × population (19% of its land × 114,394 people = 21,723). No remaining town has more than half its land in the district and more than 5,000 people."
house,97,Jessica Dixon Heitman,"24047 Lockport St., Plainfield, IL 60544",Plainfield,in district,Plainfield,1760287,office,"The member's district office is here (24047 Lockport St., Plainfield, IL 60544).",Joliet,1738570,best,"Best town after the office town by land share × population (20% of its land × 150,362 people = 29,802). No remaining town has more than half its land in the district and more than 5,000 people."
house,98,Natalie Manley,"1050 W. Romeo Road Suite 101, Romeoville, IL 60446",Romeoville,in district,Romeoville,1765442,office,"The member's district office is here (1050 W. Romeo Road Suite 101, Romeoville, IL 60446).",Crest Hill,1717458,best,"Best town after the office town among towns with more than half their land in the district and more than 5,000 people, by land share × population (58% of its land × 20,459 people = 11,874)."
house,99,Kyle Moore,"3601 E. Lake Centre Drive Suite 200, Quincy, IL 62305",Quincy,in district,Quincy,1762367,office,"The member's district office is here (3601 E. Lake Centre Drive Suite 200, Quincy, IL 62305).",Jacksonville,1738115,best,"Best town after the office town among towns with more than half their land in the district and more than 5,000 people, by land share × population (100% of its land × 17,616 people = 17,616)."
house,100,C.D. Davidsmeyer,"100 S. State St., Jerseyville, IL 62052",Jerseyville,in district,Jerseyville,1738414,office,"The member's district office is here (100 S. State St., Jerseyville, IL 62052).",Godfrey,1730094,best,"Best town after the office town among towns with more than half their land in the district and more than 5,000 people, by land share × population (85% of its land × 17,825 people = 15,146)."
house,101,Chris Miller,"1113 Lincoln Ave., Charleston, IL 61920",Charleston,in district,Charleston,1712567,office,"The member's district office is here (1113 Lincoln Ave., Charleston, IL 61920).",Mattoon,1747553,best,"Best town after the office town among towns with more than half their land in the district and more than 5,000 people, by land share × population (100% of its land × 16,870 people = 16,870)."
house,102,Adam Niemerg,"Room 23, 111 Sheriff St., Paris, IL 61944",Paris,in district,Paris,1757628,office,"The member's district office is here (Room 23, 111 Sheriff St., Paris, IL 61944).",Robinson,1764707,best,"Best town after the office town among towns with more than half their land in the district and more than 5,000 people, by land share × population (100% of its land × 7,150 people = 7,150)."
house,103,Carol Ammons,"300 S. Broadway Suite154 A, Urbana, IL 61802",Urbana,in district,Urbana,1777005,office,"The member's district office is here (300 S. Broadway Suite154 A, Urbana, IL 61802).",Champaign,1712385,best,"Best town after the office town among towns with more than half their land in the district and more than 5,000 people, by land share × population (64% of its land × 88,302 people = 56,725)."
house,104,Brandun Schweizer,"3821 N. Vermilion, Suite 5, Danville, IL 61832",Danville,in district,Danville,1718563,office,"The member's district office is here (3821 N. Vermilion, Suite 5, Danville, IL 61832).",Rantoul,1762783,best,"Best town after the office town among towns with more than half their land in the district and more than 5,000 people, by land share × population (100% of its land × 12,371 people = 12,371)."
house,105,Dennis Tipsword,"305 W. Madison St., Pontiac, IL 61764",Pontiac,in district,Pontiac,1761015,office,"The member's district office is here (305 W. Madison St., Pontiac, IL 61764).",Washington,1779033,best,"Best town after the office town among towns with more than half their land in the district and more than 5,000 people, by land share × population (84% of its land × 16,071 people = 13,459)."
house,106,Jason Bunting,"342 W. Walnut St. Suite 2, Watseka, IL 60970",Watseka,in district,Watseka,1779228,office,"The member's district office is here (342 W. Walnut St. Suite 2, Watseka, IL 60970).",Streator,1773170,best,"Best town after the office town among towns with more than half their land in the district and more than 5,000 people, by land share × population (88% of its land × 12,500 people = 10,988)."
house,107,Brad Halbrook,"304 E. Jefferson Ave. Suite A, Effingham, IL 62401",Effingham,in district,Effingham,1722736,office,"The member's district office is here (304 E. Jefferson Ave. Suite A, Effingham, IL 62401).",Taylorville,1774574,best,"Best town after the office town among towns with more than half their land in the district and more than 5,000 people, by land share × population (100% of its land × 10,506 people = 10,506)."
house,108,Wayne Rosenthal,,,none listed,Litchfield,1743965,best,"No district office address is listed, so the sheet shows the two best towns. Best town among towns with more than half their land in the district and more than 5,000 people, by land share × population (100% of its land × 6,605 people = 6,605).",Hillsboro,1735047,best,"Second-best town among towns with more than half their land in the district and more than 5,000 people, by land share × population (100% of its land × 5,902 people = 5,902)."
house,109,Charlie Meier,"121 Broadway Suite 1, Highland, IL 62249",Highland,in district,Highland,1734670,office,"The member's district office is here (121 Broadway Suite 1, Highland, IL 62249).",Troy,1776199,best,"Best town after the office town among towns with more than half their land in the district and more than 5,000 people, by land share × population (100% of its land × 10,960 people = 10,960)."
house,110,Blaine Wilhour,,,none listed,Centralia,1712164,best,"No district office address is listed, so the sheet shows the two best towns. Best town among towns with more than half their land in the district and more than 5,000 people, by land share × population (96% of its land × 12,182 people = 11,737).",Olney,1755912,best,"Second-best town among towns with more than half their land in the district and more than 5,000 people, by land share × population (100% of its land × 8,701 people = 8,701)."
house,111,Amy Elik,"192 Alton Square Mall Drive Suite C, Alton, IL 62002",Alton,in district,Alton,1701114,office,"The member's district office is here (192 Alton Square Mall Drive Suite C, Alton, IL 62002).",Granite City,1730926,best,"Best town after the office town among towns with more than half their land in the district and more than 5,000 people, by land share × population (76% of its land × 27,549 people = 20,918)."
house,112,Katie Stuart,"2105 Vandalia St. Unit #16, Collinsville, IL 62234",Collinsville,in district,Collinsville,1715599,office,"The member's district office is here (2105 Vandalia St. Unit #16, Collinsville, IL 62234).",Edwardsville,1722697,best,"Best town after the office town among towns with more than half their land in the district and more than 5,000 people, by land share × population (62% of its land × 26,808 people = 16,669)."
house,113,Jay Hoffman,"2300 W. Main St. Suite M200, Belleville, IL 62226",Belleville,in district,Belleville,1704845,office,"The member's district office is here (2300 W. Main St. Suite M200, Belleville, IL 62226).",Swansea,1774119,best,"Best town after the office town among towns with more than half their land in the district and more than 5,000 people, by land share × population (95% of its land × 14,386 people = 13,724)."
house,114,Kevin Schmidt,"4041 Mississippi Ave., Cahokia Heights, IL 62206",Cahokia Heights,in district,Cahokia Heights,1710373,office,"The member's district office is here (4041 Mississippi Ave., Cahokia Heights, IL 62206).",East St. Louis,1722255,best,"Best town after the office town among towns with more than half their land in the district and more than 5,000 people, by land share × population (98% of its land × 18,469 people = 18,090)."
house,115,David Friess,"143 S. Main St., Red Bud, IL 62278",Red Bud,in district,Red Bud,1763043,office,"The member's district office is here (143 S. Main St., Red Bud, IL 62278).",Waterloo,1779150,best,"Best town after the office town among towns with more than half their land in the district and more than 5,000 people, by land share × population (100% of its land × 11,013 people = 11,013)."
house,116,Dave Severin,"805 N. Main St., Benton, IL 62812",Benton,in district,Benton,1705300,office,"The member's district office is here (805 N. Main St., Benton, IL 62812).",Mount Vernon,1751180,best,"Best town after the office town among towns with more than half their land in the district and more than 5,000 people, by land share × population (100% of its land × 14,600 people = 14,600)."
house,117,Patrick Windhorst,"3 S. Main St. Suite 2, Harrisburg, IL 62946",Harrisburg,in district,Harrisburg,1733136,office,"The member's district office is here (3 S. Main St. Suite 2, Harrisburg, IL 62946).",West Frankfort,1780333,best,"Best town after the office town among towns with more than half their land in the district and more than 5,000 people, by land share × population (100% of its land × 7,275 people = 7,275)."
house,118,Scott Doody,"600 Halfway Road Suite 103, Marion, IL 62959",Marion,in district,Marion,1746916,office,"The member's district office is here (600 Halfway Road Suite 103, Marion, IL 62959).",Carbondale,1711163,best,"Best town after the office town among towns with more than half their land in the district and more than 5,000 people, by land share × population (100% of its land × 21,857 people = 21,857)."
